experiment,model,magnification,feature_set,stain_normalization,num_normal,num_tumour,use_scaling,accuracy_mean,accuracy_std,auc_mean,auc_std,pr_auc_mean,pr_auc_std,precision_mean,precision_std,f1_score_mean,f1_score_std,sensitivity_mean,sensitivity_std,specificity_mean,specificity_std,mcc_mean,mcc_std,accuracy_ci_low,accuracy_ci_high
rf_unscaled_all_macenko_201img_400x_seed_42,rf,400x,all,macenko,201,201,False,0.733,0.055,0.785,0.049,0.755,0.057,0.717,0.052,0.739,0.054,0.765,0.074,0.701,0.07,0.469,0.111,0.672,0.794
rf_unscaled_all_macenko_20img_100x_seed_42,rf,100x,all,macenko,20,20,False,0.553,0.179,0.647,0.204,0.761,0.138,0.561,0.233,0.556,0.213,0.58,0.247,0.527,0.247,0.11,0.379,0.354,0.751
rf_unscaled_all_macenko_20img_400x_seed_42,rf,400x,all,macenko,20,20,False,0.57,0.145,0.614,0.194,0.675,0.144,0.58,0.227,0.513,0.208,0.5,0.26,0.64,0.217,0.153,0.317,0.409,0.731
rf_unscaled_all_macenko_89img_100x_seed_42,rf,100x,all,macenko,89,89,False,0.699,0.071,0.778,0.063,0.796,0.067,0.716,0.091,0.687,0.08,0.669,0.104,0.73,0.104,0.404,0.142,0.621,0.778
rf_unscaled_all_macenko_full_100x_seed_42,rf,100x,all,macenko,89,439,False,0.872,0.02,0.866,0.041,0.964,0.017,0.882,0.017,0.927,0.011,0.977,0.016,0.351,0.113,0.457,0.102,0.85,0.894
rf_unscaled_all_macenko_full_400x_seed_42,rf,400x,all,macenko,201,495,False,0.796,0.035,0.805,0.036,0.889,0.028,0.815,0.023,0.864,0.024,0.92,0.034,0.496,0.069,0.473,0.094,0.757,0.834
rf_unscaled_all_no_norm_201img_400x_seed_42,rf,400x,all,,201,201,False,0.75,0.049,0.82,0.048,0.795,0.063,0.737,0.052,0.755,0.049,0.776,0.066,0.724,0.066,0.503,0.098,0.696,0.805
rf_unscaled_all_no_norm_20img_100x_seed_42,rf,100x,all,,20,20,False,0.696,0.138,0.788,0.145,0.835,0.125,0.743,0.174,0.675,0.182,0.67,0.247,0.723,0.196,0.417,0.284,0.543,0.85
rf_unscaled_all_no_norm_20img_400x_seed_42,rf,400x,all,,20,20,False,0.541,0.143,0.54,0.213,0.63,0.136,0.54,0.119,0.553,0.173,0.6,0.26,0.47,0.237,0.073,0.307,0.382,0.701
rf_unscaled_all_no_norm_89img_100x_seed_42,rf,100x,all,,89,89,False,0.776,0.078,0.855,0.059,0.87,0.055,0.824,0.11,0.756,0.095,0.714,0.138,0.836,0.112,0.566,0.158,0.69,0.862
rf_unscaled_all_no_norm_full_100x_seed_42,rf,100x,all,,89,439,False,0.872,0.021,0.903,0.03,0.977,0.008,0.882,0.018,0.927,0.012,0.977,0.015,0.354,0.117,0.459,0.115,0.849,0.896
rf_unscaled_all_no_norm_full_400x_seed_42,rf,400x,all,,201,495,False,0.807,0.038,0.844,0.035,0.91,0.024,0.807,0.031,0.875,0.023,0.956,0.024,0.448,0.109,0.497,0.114,0.765,0.849
rf_unscaled_all_reinhard_201img_400x_seed_42,rf,400x,all,reinhard,201,201,False,0.735,0.052,0.835,0.049,0.834,0.057,0.719,0.057,0.74,0.052,0.767,0.074,0.704,0.081,0.474,0.105,0.677,0.793
rf_unscaled_all_reinhard_20img_100x_seed_42,rf,100x,all,reinhard,20,20,False,0.609,0.142,0.697,0.168,0.803,0.115,0.662,0.185,0.604,0.148,0.6,0.191,0.617,0.249,0.227,0.305,0.451,0.766
rf_unscaled_all_reinhard_20img_400x_seed_42,rf,400x,all,reinhard,20,20,False,0.489,0.191,0.51,0.23,0.586,0.147,0.457,0.259,0.457,0.243,0.493,0.293,0.502,0.278,-0.016,0.411,0.277,0.701
rf_unscaled_all_reinhard_89img_100x_seed_42,rf,100x,all,reinhard,89,89,False,0.757,0.071,0.848,0.067,0.85,0.067,0.764,0.091,0.755,0.07,0.762,0.109,0.752,0.119,0.522,0.14,0.678,0.835
rf_unscaled_all_reinhard_full_100x_seed_42,rf,100x,all,reinhard,89,439,False,0.874,0.023,0.886,0.039,0.973,0.01,0.886,0.02,0.928,0.013,0.975,0.019,0.379,0.125,0.475,0.12,0.849,0.9
rf_unscaled_all_reinhard_full_400x_seed_42,rf,400x,all,reinhard,201,495,False,0.807,0.027,0.852,0.031,0.926,0.019,0.812,0.025,0.874,0.017,0.947,0.027,0.473,0.087,0.504,0.081,0.777,0.838
rf_unscaled_color_haralick_macenko_201img_400x_seed_42,rf,400x,color_haralick,macenko,201,201,False,0.677,0.053,0.744,0.06,0.728,0.067,0.663,0.05,0.683,0.059,0.709,0.089,0.644,0.068,0.357,0.108,0.618,0.736
rf_unscaled_color_haralick_macenko_20img_100x_seed_42,rf,100x,color_haralick,macenko,20,20,False,0.492,0.153,0.554,0.183,0.653,0.146,0.477,0.19,0.498,0.216,0.55,0.28,0.433,0.231,-0.026,0.326,0.323,0.662
rf_unscaled_color_haralick_macenko_20img_400x_seed_42,rf,400x,color_haralick,macenko,20,20,False,0.54,0.179,0.562,0.215,0.638,0.155,0.561,0.257,0.502,0.215,0.5,0.26,0.58,0.286,0.089,0.397,0.341,0.739
rf_unscaled_color_haralick_macenko_89img_100x_seed_42,rf,100x,color_haralick,macenko,89,89,False,0.687,0.07,0.752,0.065,0.777,0.061,0.712,0.103,0.667,0.084,0.643,0.124,0.73,0.115,0.383,0.145,0.609,0.764
rf_unscaled_color_haralick_macenko_full_100x_seed_42,rf,100x,color_haralick,macenko,89,439,False,0.864,0.021,0.827,0.04,0.954,0.014,0.883,0.016,0.922,0.012,0.964,0.015,0.37,0.102,0.43,0.111,0.84,0.888
rf_unscaled_color_haralick_macenko_full_400x_seed_42,rf,400x,color_haralick,macenko,201,495,False,0.783,0.027,0.776,0.034,0.881,0.025,0.81,0.024,0.855,0.018,0.907,0.03,0.484,0.081,0.44,0.077,0.753,0.813
rf_unscaled_color_haralick_no_norm_201img_400x_seed_42,rf,400x,color_haralick,,201,201,False,0.747,0.045,0.827,0.048,0.813,0.069,0.761,0.059,0.738,0.048,0.721,0.069,0.773,0.071,0.498,0.091,0.697,0.797
rf_unscaled_color_haralick_no_norm_20img_100x_seed_42,rf,100x,color_haralick,,20,20,False,0.703,0.137,0.739,0.195,0.831,0.132,0.78,0.202,0.678,0.177,0.66,0.249,0.747,0.245,0.444,0.281,0.551,0.855
rf_unscaled_color_haralick_no_norm_20img_400x_seed_42,rf,400x,color_haralick,,20,20,False,0.564,0.111,0.62,0.192,0.707,0.155,0.552,0.155,0.585,0.166,0.64,0.217,0.473,0.223,0.111,0.252,0.441,0.686
rf_unscaled_color_haralick_no_norm_89img_100x_seed_42,rf,100x,color_haralick,,89,89,False,0.753,0.079,0.821,0.069,0.833,0.064,0.787,0.102,0.736,0.091,0.701,0.114,0.804,0.103,0.513,0.16,0.665,0.841
rf_unscaled_color_haralick_no_norm_full_100x_seed_42,rf,100x,color_haralick,,89,439,False,0.861,0.019,0.845,0.039,0.962,0.015,0.882,0.017,0.92,0.011,0.962,0.024,0.361,0.113,0.422,0.098,0.839,0.883
rf_unscaled_color_haralick_no_norm_full_400x_seed_42,rf,400x,color_haralick,,201,495,False,0.823,0.028,0.845,0.038,0.913,0.031,0.834,0.022,0.882,0.019,0.937,0.03,0.55,0.071,0.549,0.076,0.791,0.854
rf_unscaled_color_haralick_reinhard_201img_400x_seed_42,rf,400x,color_haralick,reinhard,201,201,False,0.747,0.038,0.838,0.044,0.842,0.052,0.755,0.055,0.739,0.043,0.731,0.074,0.763,0.079,0.498,0.077,0.704,0.79
rf_unscaled_color_haralick_reinhard_20img_100x_seed_42,rf,100x,color_haralick,reinhard,20,20,False,0.547,0.159,0.672,0.206,0.782,0.131,0.541,0.271,0.504,0.238,0.51,0.265,0.583,0.272,0.092,0.351,0.371,0.724
rf_unscaled_color_haralick_reinhard_20img_400x_seed_42,rf,400x,color_haralick,reinhard,20,20,False,0.565,0.188,0.614,0.209,0.673,0.19,0.527,0.308,0.509,0.279,0.533,0.316,0.596,0.271,0.128,0.424,0.356,0.774
rf_unscaled_color_haralick_reinhard_89img_100x_seed_42,rf,100x,color_haralick,reinhard,89,89,False,0.729,0.079,0.798,0.07,0.783,0.073,0.733,0.092,0.726,0.083,0.735,0.136,0.722,0.117,0.468,0.164,0.642,0.817
rf_unscaled_color_haralick_reinhard_full_100x_seed_42,rf,100x,color_haralick,reinhard,89,439,False,0.86,0.016,0.826,0.047,0.953,0.016,0.884,0.013,0.919,0.009,0.957,0.016,0.381,0.087,0.421,0.088,0.842,0.878
rf_unscaled_color_haralick_reinhard_full_400x_seed_42,rf,400x,color_haralick,reinhard,201,495,False,0.8,0.023,0.848,0.027,0.927,0.016,0.823,0.024,0.865,0.016,0.913,0.03,0.529,0.081,0.491,0.065,0.774,0.826
rf_unscaled_color_lbp_macenko_201img_400x_seed_42,rf,400x,color_lbp,macenko,201,201,False,0.724,0.047,0.786,0.044,0.758,0.052,0.717,0.053,0.727,0.045,0.74,0.061,0.708,0.075,0.451,0.094,0.672,0.776
rf_unscaled_color_lbp_macenko_20img_100x_seed_42,rf,100x,color_lbp,macenko,20,20,False,0.569,0.179,0.647,0.209,0.761,0.143,0.571,0.228,0.553,0.22,0.56,0.253,0.58,0.224,0.143,0.376,0.37,0.768
rf_unscaled_color_lbp_macenko_20img_400x_seed_42,rf,400x,color_lbp,macenko,20,20,False,0.59,0.163,0.632,0.181,0.687,0.134,0.561,0.23,0.528,0.245,0.53,0.3,0.65,0.191,0.189,0.349,0.408,0.772
rf_unscaled_color_lbp_macenko_89img_100x_seed_42,rf,100x,color_lbp,macenko,89,89,False,0.689,0.071,0.77,0.071,0.782,0.073,0.711,0.094,0.672,0.077,0.645,0.095,0.732,0.11,0.383,0.144,0.61,0.768
rf_unscaled_color_lbp_macenko_full_100x_seed_42,rf,100x,color_lbp,macenko,89,439,False,0.862,0.017,0.854,0.04,0.96,0.017,0.875,0.015,0.922,0.009,0.974,0.017,0.308,0.102,0.406,0.1,0.844,0.88
rf_unscaled_color_lbp_macenko_full_400x_seed_42,rf,400x,color_lbp,macenko,201,495,False,0.797,0.035,0.8,0.036,0.885,0.025,0.813,0.025,0.866,0.023,0.926,0.032,0.485,0.079,0.475,0.096,0.759,0.835
rf_unscaled_color_lbp_no_norm_201img_400x_seed_42,rf,400x,color_lbp,,201,201,False,0.751,0.044,0.822,0.047,0.8,0.06,0.737,0.047,0.756,0.046,0.778,0.063,0.724,0.056,0.505,0.09,0.702,0.801
rf_unscaled_color_lbp_no_norm_20img_100x_seed_42,rf,100x,color_lbp,,20,20,False,0.713,0.129,0.83,0.148,0.864,0.13,0.736,0.163,0.7,0.178,0.71,0.236,0.713,0.198,0.442,0.271,0.57,0.856
rf_unscaled_color_lbp_no_norm_20img_400x_seed_42,rf,400x,color_lbp,,20,20,False,0.494,0.141,0.484,0.19,0.606,0.117,0.528,0.149,0.514,0.141,0.55,0.217,0.43,0.279,-0.015,0.321,0.337,0.65
rf_unscaled_color_lbp_no_norm_89img_100x_seed_42,rf,100x,color_lbp,,89,89,False,0.762,0.056,0.845,0.06,0.86,0.055,0.798,0.081,0.744,0.073,0.709,0.119,0.813,0.089,0.534,0.114,0.7,0.824
rf_unscaled_color_lbp_no_norm_full_100x_seed_42,rf,100x,color_lbp,,89,439,False,0.87,0.023,0.893,0.038,0.976,0.01,0.883,0.018,0.925,0.013,0.972,0.019,0.364,0.111,0.453,0.113,0.844,0.895
rf_unscaled_color_lbp_no_norm_full_400x_seed_42,rf,400x,color_lbp,,201,495,False,0.807,0.029,0.839,0.036,0.908,0.029,0.807,0.026,0.876,0.017,0.958,0.021,0.446,0.094,0.5,0.086,0.776,0.839
rf_unscaled_color_lbp_reinhard_201img_400x_seed_42,rf,400x,color_lbp,reinhard,201,201,False,0.746,0.052,0.837,0.049,0.841,0.051,0.731,0.058,0.749,0.051,0.772,0.071,0.72,0.077,0.495,0.105,0.688,0.804
rf_unscaled_color_lbp_reinhard_20img_100x_seed_42,rf,100x,color_lbp,reinhard,20,20,False,0.627,0.118,0.743,0.154,0.83,0.109,0.663,0.163,0.634,0.129,0.65,0.177,0.607,0.224,0.27,0.244,0.496,0.758
rf_unscaled_color_lbp_reinhard_20img_400x_seed_42,rf,400x,color_lbp,reinhard,20,20,False,0.516,0.153,0.547,0.202,0.62,0.158,0.491,0.219,0.487,0.212,0.53,0.279,0.516,0.269,0.046,0.337,0.346,0.686
rf_unscaled_color_lbp_reinhard_89img_100x_seed_42,rf,100x,color_lbp,reinhard,89,89,False,0.758,0.075,0.845,0.064,0.845,0.07,0.766,0.094,0.754,0.081,0.759,0.124,0.757,0.121,0.525,0.15,0.674,0.841
rf_unscaled_color_lbp_reinhard_full_100x_seed_42,rf,100x,color_lbp,reinhard,89,439,False,0.876,0.026,0.894,0.039,0.976,0.01,0.887,0.019,0.929,0.015,0.975,0.018,0.386,0.116,0.481,0.136,0.847,0.905
rf_unscaled_color_lbp_reinhard_full_400x_seed_42,rf,400x,color_lbp,reinhard,201,495,False,0.818,0.03,0.847,0.036,0.925,0.02,0.823,0.024,0.88,0.02,0.946,0.034,0.511,0.077,0.536,0.084,0.784,0.851
rf_unscaled_color_macenko_201img_400x_seed_42,rf,400x,color,macenko,201,201,False,0.655,0.046,0.728,0.054,0.724,0.057,0.652,0.049,0.654,0.05,0.66,0.074,0.651,0.073,0.313,0.092,0.604,0.706
rf_unscaled_color_macenko_20img_100x_seed_42,rf,100x,color,macenko,20,20,False,0.561,0.181,0.603,0.2,0.685,0.157,0.566,0.225,0.561,0.219,0.59,0.269,0.523,0.253,0.127,0.386,0.359,0.762
rf_unscaled_color_macenko_20img_400x_seed_42,rf,400x,color,macenko,20,20,False,0.589,0.177,0.581,0.193,0.665,0.159,0.609,0.268,0.553,0.206,0.537,0.227,0.641,0.239,0.19,0.388,0.392,0.786
rf_unscaled_color_macenko_89img_100x_seed_42,rf,100x,color,macenko,89,89,False,0.678,0.07,0.742,0.076,0.754,0.073,0.697,0.083,0.657,0.089,0.636,0.136,0.719,0.111,0.363,0.14,0.6,0.756
rf_unscaled_color_macenko_full_100x_seed_42,rf,100x,color,macenko,89,439,False,0.847,0.018,0.793,0.052,0.945,0.016,0.87,0.016,0.913,0.01,0.96,0.018,0.288,0.108,0.336,0.114,0.827,0.868
rf_unscaled_color_macenko_full_400x_seed_42,rf,400x,color,macenko,201,495,False,0.779,0.023,0.776,0.035,0.879,0.023,0.809,0.018,0.852,0.017,0.901,0.031,0.484,0.064,0.432,0.063,0.753,0.805
rf_unscaled_color_no_norm_201img_400x_seed_42,rf,400x,color,,201,201,False,0.757,0.057,0.841,0.055,0.841,0.063,0.784,0.071,0.743,0.064,0.711,0.084,0.803,0.072,0.52,0.115,0.694,0.821
rf_unscaled_color_no_norm_20img_100x_seed_42,rf,100x,color,,20,20,False,0.709,0.131,0.795,0.158,0.86,0.107,0.791,0.195,0.684,0.175,0.67,0.247,0.75,0.255,0.459,0.264,0.563,0.854
rf_unscaled_color_no_norm_20img_400x_seed_42,rf,400x,color,,20,20,False,0.497,0.17,0.568,0.217,0.646,0.146,0.495,0.203,0.467,0.208,0.46,0.236,0.537,0.206,-0.009,0.354,0.308,0.686
rf_unscaled_color_no_norm_89img_100x_seed_42,rf,100x,color,,89,89,False,0.755,0.072,0.824,0.056,0.828,0.064,0.784,0.085,0.737,0.091,0.705,0.123,0.804,0.085,0.516,0.145,0.675,0.836
rf_unscaled_color_no_norm_full_100x_seed_42,rf,100x,color,,89,439,False,0.868,0.024,0.849,0.046,0.961,0.015,0.894,0.026,0.923,0.014,0.955,0.022,0.438,0.159,0.465,0.125,0.841,0.895
rf_unscaled_color_no_norm_full_400x_seed_42,rf,400x,color,,201,495,False,0.825,0.031,0.846,0.038,0.914,0.026,0.843,0.024,0.882,0.021,0.924,0.025,0.586,0.071,0.556,0.083,0.79,0.86
rf_unscaled_color_reinhard_201img_400x_seed_42,rf,400x,color,reinhard,201,201,False,0.74,0.041,0.834,0.036,0.838,0.045,0.762,0.053,0.724,0.054,0.698,0.088,0.782,0.072,0.486,0.08,0.695,0.786
rf_unscaled_color_reinhard_20img_100x_seed_42,rf,100x,color,reinhard,20,20,False,0.568,0.158,0.666,0.155,0.769,0.101,0.571,0.257,0.532,0.22,0.52,0.227,0.613,0.261,0.133,0.348,0.392,0.744
rf_unscaled_color_reinhard_20img_400x_seed_42,rf,400x,color,reinhard,20,20,False,0.586,0.166,0.618,0.217,0.674,0.19,0.58,0.235,0.553,0.22,0.59,0.304,0.589,0.235,0.202,0.356,0.402,0.771
rf_unscaled_color_reinhard_89img_100x_seed_42,rf,100x,color,reinhard,89,89,False,0.752,0.072,0.817,0.073,0.801,0.076,0.754,0.09,0.752,0.072,0.765,0.121,0.738,0.125,0.515,0.148,0.672,0.832
rf_unscaled_color_reinhard_full_100x_seed_42,rf,100x,color,reinhard,89,439,False,0.866,0.022,0.832,0.046,0.955,0.017,0.889,0.017,0.923,0.013,0.959,0.016,0.404,0.11,0.447,0.121,0.841,0.891
rf_unscaled_color_reinhard_full_400x_seed_42,rf,400x,color,reinhard,201,495,False,0.792,0.028,0.84,0.034,0.923,0.02,0.816,0.025,0.861,0.02,0.912,0.042,0.507,0.089,0.472,0.074,0.761,0.823
rf_unscaled_haralick_macenko_201img_400x_seed_42,rf,400x,haralick,macenko,201,201,False,0.567,0.036,0.583,0.046,0.594,0.035,0.655,0.096,0.392,0.06,0.285,0.059,0.845,0.069,0.16,0.089,0.527,0.607
rf_unscaled_haralick_macenko_20img_100x_seed_42,rf,100x,haralick,macenko,20,20,False,0.571,0.144,0.585,0.178,0.644,0.136,0.578,0.279,0.495,0.235,0.47,0.263,0.683,0.224,0.16,0.31,0.411,0.731
rf_unscaled_haralick_macenko_20img_400x_seed_42,rf,400x,haralick,macenko,20,20,False,0.59,0.167,0.545,0.177,0.63,0.135,0.638,0.314,0.506,0.236,0.46,0.247,0.72,0.243,0.203,0.362,0.404,0.776
rf_unscaled_haralick_macenko_89img_100x_seed_42,rf,100x,haralick,macenko,89,89,False,0.65,0.081,0.654,0.103,0.707,0.077,0.73,0.126,0.574,0.124,0.493,0.145,0.807,0.11,0.323,0.163,0.56,0.741
rf_unscaled_haralick_macenko_full_100x_seed_42,rf,100x,haralick,macenko,89,439,False,0.646,0.047,0.695,0.051,0.914,0.015,0.904,0.027,0.75,0.039,0.642,0.051,0.664,0.098,0.234,0.088,0.594,0.698
rf_unscaled_haralick_macenko_full_400x_seed_42,rf,400x,haralick,macenko,201,495,False,0.481,0.033,0.579,0.042,0.771,0.018,0.781,0.059,0.503,0.036,0.372,0.034,0.744,0.081,0.113,0.086,0.444,0.518
rf_unscaled_haralick_no_norm_201img_400x_seed_42,rf,400x,haralick,,201,201,False,0.608,0.046,0.63,0.046,0.65,0.04,0.663,0.075,0.522,0.063,0.434,0.067,0.78,0.06,0.229,0.1,0.557,0.66
rf_unscaled_haralick_no_norm_20img_100x_seed_42,rf,100x,haralick,,20,20,False,0.453,0.197,0.395,0.239,0.574,0.165,0.473,0.334,0.379,0.234,0.35,0.228,0.56,0.324,-0.087,0.429,0.234,0.672
rf_unscaled_haralick_no_norm_20img_400x_seed_42,rf,400x,haralick,,20,20,False,0.638,0.155,0.66,0.165,0.737,0.135,0.661,0.22,0.622,0.197,0.61,0.217,0.667,0.229,0.283,0.328,0.465,0.811
rf_unscaled_haralick_no_norm_89img_100x_seed_42,rf,100x,haralick,,89,89,False,0.645,0.07,0.666,0.076,0.697,0.059,0.72,0.116,0.573,0.093,0.488,0.115,0.8,0.113,0.31,0.147,0.567,0.722
rf_unscaled_haralick_no_norm_full_100x_seed_42,rf,100x,haralick,,89,439,False,0.675,0.044,0.713,0.055,0.922,0.017,0.903,0.024,0.777,0.034,0.683,0.044,0.635,0.096,0.248,0.093,0.627,0.724
rf_unscaled_haralick_no_norm_full_400x_seed_42,rf,400x,haralick,,201,495,False,0.581,0.022,0.65,0.028,0.822,0.017,0.787,0.028,0.653,0.024,0.56,0.035,0.633,0.071,0.176,0.055,0.556,0.606
rf_unscaled_haralick_reinhard_201img_400x_seed_42,rf,400x,haralick,reinhard,201,201,False,0.545,0.04,0.556,0.049,0.567,0.043,0.62,0.116,0.33,0.077,0.232,0.073,0.85,0.083,0.11,0.103,0.5,0.59
rf_unscaled_haralick_reinhard_20img_100x_seed_42,rf,100x,haralick,reinhard,20,20,False,0.647,0.166,0.67,0.167,0.73,0.133,0.767,0.232,0.592,0.192,0.53,0.232,0.77,0.237,0.336,0.34,0.463,0.831
rf_unscaled_haralick_reinhard_20img_400x_seed_42,rf,400x,haralick,reinhard,20,20,False,0.372,0.118,0.331,0.12,0.453,0.067,0.275,0.202,0.286,0.218,0.343,0.306,0.399,0.37,-0.32,0.245,0.241,0.503
rf_unscaled_haralick_reinhard_89img_100x_seed_42,rf,100x,haralick,reinhard,89,89,False,0.664,0.067,0.682,0.082,0.698,0.083,0.759,0.118,0.588,0.086,0.488,0.097,0.838,0.085,0.353,0.143,0.589,0.739
rf_unscaled_haralick_reinhard_full_100x_seed_42,rf,100x,haralick,reinhard,89,439,False,0.625,0.047,0.691,0.057,0.902,0.019,0.919,0.033,0.727,0.039,0.602,0.046,0.738,0.114,0.257,0.1,0.573,0.677
rf_unscaled_haralick_reinhard_full_400x_seed_42,rf,400x,haralick,reinhard,201,495,False,0.478,0.044,0.599,0.048,0.783,0.026,0.789,0.053,0.486,0.056,0.352,0.049,0.779,0.047,0.128,0.082,0.429,0.526
rf_unscaled_lbp_haralick_macenko_201img_400x_seed_42,rf,400x,lbp_haralick,macenko,201,201,False,0.589,0.039,0.647,0.055,0.65,0.056,0.586,0.04,0.587,0.048,0.593,0.076,0.585,0.075,0.179,0.078,0.546,0.633
rf_unscaled_lbp_haralick_macenko_20img_100x_seed_42,rf,100x,lbp_haralick,macenko,20,20,False,0.584,0.152,0.675,0.191,0.793,0.116,0.593,0.161,0.595,0.178,0.64,0.261,0.527,0.25,0.179,0.325,0.415,0.752
rf_unscaled_lbp_haralick_macenko_20img_400x_seed_42,rf,400x,lbp_haralick,macenko,20,20,False,0.565,0.131,0.584,0.228,0.691,0.176,0.559,0.193,0.536,0.194,0.56,0.273,0.57,0.223,0.143,0.297,0.42,0.71
rf_unscaled_lbp_haralick_macenko_89img_100x_seed_42,rf,100x,lbp_haralick,macenko,89,89,False,0.681,0.055,0.725,0.082,0.739,0.087,0.694,0.071,0.67,0.059,0.655,0.086,0.707,0.095,0.367,0.111,0.62,0.742
rf_unscaled_lbp_haralick_macenko_full_100x_seed_42,rf,100x,lbp_haralick,macenko,89,439,False,0.834,0.026,0.769,0.06,0.934,0.023,0.859,0.016,0.906,0.016,0.959,0.028,0.22,0.103,0.266,0.123,0.806,0.863
rf_unscaled_lbp_haralick_macenko_full_400x_seed_42,rf,400x,lbp_haralick,macenko,201,495,False,0.712,0.029,0.681,0.049,0.822,0.035,0.751,0.021,0.813,0.021,0.888,0.044,0.289,0.085,0.218,0.083,0.679,0.745
rf_unscaled_lbp_haralick_no_norm_201img_400x_seed_42,rf,400x,lbp_haralick,,201,201,False,0.686,0.056,0.753,0.053,0.743,0.06,0.669,0.057,0.697,0.058,0.732,0.082,0.641,0.08,0.377,0.113,0.624,0.749
rf_unscaled_lbp_haralick_no_norm_20img_100x_seed_42,rf,100x,lbp_haralick,,20,20,False,0.606,0.177,0.655,0.18,0.757,0.136,0.63,0.185,0.631,0.168,0.67,0.201,0.537,0.271,0.214,0.371,0.409,0.802
rf_unscaled_lbp_haralick_no_norm_20img_400x_seed_42,rf,400x,lbp_haralick,,20,20,False,0.581,0.143,0.591,0.174,0.7,0.125,0.58,0.137,0.608,0.16,0.67,0.236,0.48,0.235,0.169,0.315,0.422,0.739
rf_unscaled_lbp_haralick_no_norm_89img_100x_seed_42,rf,100x,lbp_haralick,,89,89,False,0.677,0.065,0.769,0.068,0.794,0.072,0.693,0.087,0.66,0.081,0.642,0.115,0.712,0.099,0.36,0.132,0.604,0.749
rf_unscaled_lbp_haralick_no_norm_full_100x_seed_42,rf,100x,lbp_haralick,,89,439,False,0.849,0.025,0.843,0.045,0.96,0.017,0.867,0.018,0.914,0.014,0.968,0.019,0.263,0.109,0.334,0.134,0.821,0.877
rf_unscaled_lbp_haralick_no_norm_full_400x_seed_42,rf,400x,lbp_haralick,,201,495,False,0.77,0.03,0.777,0.043,0.884,0.026,0.78,0.02,0.853,0.019,0.941,0.026,0.361,0.07,0.387,0.096,0.737,0.803
rf_unscaled_lbp_haralick_reinhard_201img_400x_seed_42,rf,400x,lbp_haralick,reinhard,201,201,False,0.689,0.048,0.783,0.052,0.782,0.06,0.678,0.055,0.692,0.05,0.713,0.079,0.665,0.082,0.382,0.097,0.636,0.742
rf_unscaled_lbp_haralick_reinhard_20img_100x_seed_42,rf,100x,lbp_haralick,reinhard,20,20,False,0.655,0.154,0.705,0.185,0.799,0.124,0.698,0.195,0.656,0.166,0.67,0.225,0.64,0.252,0.332,0.321,0.483,0.827
rf_unscaled_lbp_haralick_reinhard_20img_400x_seed_42,rf,400x,lbp_haralick,reinhard,20,20,False,0.431,0.166,0.417,0.172,0.565,0.121,0.45,0.234,0.438,0.186,0.503,0.264,0.379,0.325,-0.134,0.37,0.247,0.616
rf_unscaled_lbp_haralick_reinhard_89img_100x_seed_42,rf,100x,lbp_haralick,reinhard,89,89,False,0.741,0.066,0.823,0.066,0.837,0.071,0.764,0.104,0.733,0.066,0.716,0.09,0.766,0.116,0.489,0.136,0.667,0.814
rf_unscaled_lbp_haralick_reinhard_full_100x_seed_42,rf,100x,lbp_haralick,reinhard,89,439,False,0.86,0.028,0.87,0.038,0.97,0.01,0.886,0.019,0.919,0.017,0.955,0.028,0.391,0.112,0.431,0.123,0.829,0.892
rf_unscaled_lbp_haralick_reinhard_full_400x_seed_42,rf,400x,lbp_haralick,reinhard,201,495,False,0.767,0.025,0.786,0.028,0.889,0.019,0.785,0.02,0.848,0.017,0.923,0.032,0.396,0.08,0.387,0.076,0.739,0.795
rf_unscaled_lbp_macenko_201img_400x_seed_42,rf,400x,lbp,macenko,201,201,False,0.591,0.045,0.635,0.059,0.617,0.057,0.585,0.041,0.595,0.051,0.609,0.072,0.573,0.062,0.184,0.092,0.541,0.642
rf_unscaled_lbp_macenko_20img_100x_seed_42,rf,100x,lbp,macenko,20,20,False,0.605,0.148,0.658,0.182,0.773,0.116,0.631,0.191,0.596,0.176,0.6,0.228,0.617,0.222,0.228,0.309,0.441,0.769
rf_unscaled_lbp_macenko_20img_400x_seed_42,rf,400x,lbp,macenko,20,20,False,0.545,0.148,0.572,0.231,0.669,0.167,0.526,0.212,0.516,0.227,0.57,0.335,0.52,0.238,0.115,0.346,0.38,0.71
rf_unscaled_lbp_macenko_89img_100x_seed_42,rf,100x,lbp,macenko,89,89,False,0.533,0.067,0.561,0.072,0.589,0.069,0.53,0.064,0.528,0.079,0.534,0.114,0.532,0.108,0.067,0.135,0.458,0.607
rf_unscaled_lbp_macenko_full_100x_seed_42,rf,100x,lbp,macenko,89,439,False,0.838,0.02,0.673,0.063,0.895,0.029,0.848,0.011,0.91,0.012,0.982,0.02,0.131,0.078,0.219,0.14,0.816,0.861
rf_unscaled_lbp_macenko_full_400x_seed_42,rf,400x,lbp,macenko,201,495,False,0.728,0.034,0.675,0.052,0.814,0.036,0.757,0.026,0.825,0.023,0.909,0.039,0.293,0.098,0.256,0.108,0.69,0.766
rf_unscaled_lbp_no_norm_201img_400x_seed_42,rf,400x,lbp,,201,201,False,0.659,0.05,0.728,0.051,0.721,0.049,0.641,0.046,0.673,0.053,0.711,0.078,0.607,0.066,0.321,0.101,0.603,0.714
rf_unscaled_lbp_no_norm_20img_100x_seed_42,rf,100x,lbp,,20,20,False,0.641,0.143,0.704,0.176,0.784,0.14,0.653,0.15,0.656,0.145,0.68,0.184,0.6,0.215,0.288,0.298,0.482,0.8
rf_unscaled_lbp_no_norm_20img_400x_seed_42,rf,400x,lbp,,20,20,False,0.558,0.169,0.515,0.195,0.648,0.143,0.55,0.241,0.559,0.225,0.61,0.289,0.5,0.284,0.117,0.398,0.37,0.745
rf_unscaled_lbp_no_norm_89img_100x_seed_42,rf,100x,lbp,,89,89,False,0.657,0.08,0.724,0.078,0.76,0.072,0.665,0.087,0.641,0.104,0.633,0.152,0.682,0.115,0.322,0.159,0.569,0.746
rf_unscaled_lbp_no_norm_full_100x_seed_42,rf,100x,lbp,,89,439,False,0.844,0.018,0.808,0.045,0.952,0.015,0.863,0.014,0.911,0.011,0.966,0.019,0.241,0.086,0.309,0.093,0.824,0.864
rf_unscaled_lbp_no_norm_full_400x_seed_42,rf,400x,lbp,,201,495,False,0.761,0.025,0.741,0.035,0.86,0.024,0.775,0.02,0.846,0.016,0.933,0.026,0.346,0.081,0.358,0.081,0.733,0.788
rf_unscaled_lbp_reinhard_201img_400x_seed_42,rf,400x,lbp,reinhard,201,201,False,0.694,0.055,0.775,0.054,0.778,0.063,0.686,0.065,0.695,0.055,0.708,0.072,0.68,0.082,0.39,0.111,0.633,0.755
rf_unscaled_lbp_reinhard_20img_100x_seed_42,rf,100x,lbp,reinhard,20,20,False,0.651,0.138,0.735,0.153,0.818,0.117,0.68,0.16,0.661,0.137,0.68,0.184,0.62,0.228,0.315,0.29,0.497,0.804
rf_unscaled_lbp_reinhard_20img_400x_seed_42,rf,400x,lbp,reinhard,20,20,False,0.466,0.147,0.445,0.173,0.58,0.138,0.515,0.254,0.459,0.154,0.503,0.244,0.437,0.32,-0.048,0.344,0.303,0.629
rf_unscaled_lbp_reinhard_89img_100x_seed_42,rf,100x,lbp,reinhard,89,89,False,0.699,0.057,0.811,0.066,0.813,0.075,0.706,0.081,0.696,0.065,0.701,0.107,0.698,0.118,0.406,0.114,0.637,0.762
rf_unscaled_lbp_reinhard_full_100x_seed_42,rf,100x,lbp,reinhard,89,439,False,0.86,0.025,0.87,0.045,0.969,0.014,0.881,0.018,0.92,0.015,0.962,0.024,0.359,0.111,0.418,0.112,0.832,0.888
rf_unscaled_lbp_reinhard_full_400x_seed_42,rf,400x,lbp,reinhard,201,495,False,0.757,0.027,0.76,0.03,0.878,0.02,0.779,0.019,0.842,0.018,0.917,0.034,0.376,0.075,0.358,0.087,0.727,0.787
svm_scaled_all_macenko_201img_400x_seed_42,svm,400x,all,macenko,201,201,True,0.741,0.052,0.808,0.051,0.794,0.054,0.735,0.056,0.742,0.052,0.754,0.073,0.727,0.078,0.485,0.103,0.684,0.799
svm_scaled_all_macenko_20img_100x_seed_42,svm,100x,all,macenko,20,20,True,0.578,0.137,0.596,0.186,0.682,0.144,0.568,0.248,0.541,0.223,0.55,0.26,0.6,0.261,0.165,0.289,0.425,0.73
svm_scaled_all_macenko_20img_400x_seed_42,svm,400x,all,macenko,20,20,True,0.57,0.149,0.411,0.21,0.556,0.14,0.582,0.27,0.507,0.22,0.49,0.255,0.65,0.228,0.151,0.332,0.404,0.736
svm_scaled_all_macenko_89img_100x_seed_42,svm,100x,all,macenko,89,89,True,0.73,0.064,0.801,0.053,0.806,0.068,0.754,0.098,0.719,0.072,0.704,0.108,0.756,0.113,0.469,0.129,0.659,0.801
svm_scaled_all_macenko_full_100x_seed_42,svm,100x,all,macenko,89,439,True,0.854,0.031,0.892,0.042,0.971,0.015,0.947,0.017,0.908,0.021,0.873,0.038,0.758,0.088,0.563,0.077,0.819,0.888
svm_scaled_all_macenko_full_400x_seed_42,svm,400x,all,macenko,201,495,True,0.787,0.032,0.842,0.038,0.917,0.027,0.876,0.027,0.844,0.024,0.815,0.037,0.719,0.069,0.514,0.072,0.751,0.822
svm_scaled_all_no_norm_201img_400x_seed_42,svm,400x,all,,201,201,True,0.787,0.04,0.866,0.034,0.866,0.034,0.799,0.046,0.781,0.044,0.766,0.068,0.808,0.056,0.577,0.08,0.743,0.832
svm_scaled_all_no_norm_20img_100x_seed_42,svm,100x,all,,20,20,True,0.624,0.175,0.664,0.264,0.775,0.176,0.626,0.281,0.595,0.248,0.62,0.299,0.62,0.315,0.26,0.388,0.43,0.818
svm_scaled_all_no_norm_20img_400x_seed_42,svm,400x,all,,20,20,True,0.565,0.106,0.443,0.17,0.557,0.107,0.428,0.286,0.451,0.308,0.5,0.368,0.617,0.32,0.127,0.223,0.448,0.682
svm_scaled_all_no_norm_89img_100x_seed_42,svm,100x,all,,89,89,True,0.816,0.072,0.891,0.049,0.902,0.053,0.85,0.086,0.802,0.1,0.777,0.137,0.854,0.102,0.643,0.136,0.736,0.896
svm_scaled_all_no_norm_full_100x_seed_42,svm,100x,all,,89,439,True,0.904,0.021,0.951,0.023,0.989,0.007,0.964,0.022,0.941,0.014,0.919,0.036,0.827,0.114,0.696,0.056,0.881,0.927
svm_scaled_all_no_norm_full_400x_seed_42,svm,400x,all,,201,495,True,0.846,0.032,0.898,0.032,0.947,0.021,0.912,0.029,0.888,0.023,0.866,0.029,0.797,0.07,0.644,0.075,0.811,0.881
svm_scaled_all_reinhard_201img_400x_seed_42,svm,400x,all,reinhard,201,201,True,0.775,0.05,0.846,0.041,0.869,0.041,0.789,0.071,0.767,0.053,0.753,0.077,0.796,0.084,0.555,0.101,0.72,0.83
svm_scaled_all_reinhard_20img_100x_seed_42,svm,100x,all,reinhard,20,20,True,0.644,0.152,0.669,0.228,0.794,0.162,0.671,0.329,0.566,0.256,0.53,0.273,0.76,0.254,0.32,0.326,0.475,0.813
svm_scaled_all_reinhard_20img_400x_seed_42,svm,400x,all,reinhard,20,20,True,0.471,0.127,0.507,0.206,0.6,0.164,0.43,0.169,0.504,0.222,0.657,0.355,0.273,0.297,-0.084,0.274,0.33,0.613
svm_scaled_all_reinhard_89img_100x_seed_42,svm,100x,all,reinhard,89,89,True,0.757,0.069,0.83,0.06,0.862,0.055,0.784,0.094,0.745,0.072,0.725,0.11,0.789,0.112,0.523,0.138,0.68,0.833
svm_scaled_all_reinhard_full_100x_seed_42,svm,100x,all,reinhard,89,439,True,0.862,0.04,0.906,0.025,0.979,0.006,0.948,0.023,0.913,0.028,0.884,0.058,0.752,0.124,0.583,0.086,0.818,0.906
svm_scaled_all_reinhard_full_400x_seed_42,svm,400x,all,reinhard,201,495,True,0.797,0.031,0.867,0.03,0.937,0.016,0.883,0.027,0.851,0.024,0.823,0.035,0.737,0.07,0.539,0.071,0.763,0.832
svm_scaled_color_haralick_macenko_201img_400x_seed_42,svm,400x,color_haralick,macenko,201,201,True,0.698,0.046,0.771,0.053,0.77,0.055,0.705,0.06,0.691,0.049,0.684,0.074,0.712,0.081,0.399,0.093,0.647,0.749
svm_scaled_color_haralick_macenko_20img_100x_seed_42,svm,100x,color_haralick,macenko,20,20,True,0.476,0.086,0.421,0.221,0.584,0.151,0.217,0.258,0.228,0.278,0.25,0.323,0.7,0.324,-0.055,0.194,0.38,0.571
svm_scaled_color_haralick_macenko_20img_400x_seed_42,svm,400x,color_haralick,macenko,20,20,True,0.595,0.17,0.36,0.229,0.514,0.131,0.623,0.267,0.572,0.211,0.57,0.245,0.62,0.261,0.205,0.368,0.406,0.784
svm_scaled_color_haralick_macenko_89img_100x_seed_42,svm,100x,color_haralick,macenko,89,89,True,0.625,0.09,0.673,0.13,0.703,0.104,0.604,0.147,0.598,0.161,0.606,0.191,0.646,0.135,0.256,0.181,0.525,0.726
svm_scaled_color_haralick_macenko_full_100x_seed_42,svm,100x,color_haralick,macenko,89,439,True,0.767,0.039,0.81,0.05,0.946,0.019,0.927,0.026,0.847,0.028,0.782,0.044,0.692,0.119,0.39,0.099,0.723,0.81
svm_scaled_color_haralick_macenko_full_400x_seed_42,svm,400x,color_haralick,macenko,201,495,True,0.722,0.034,0.79,0.037,0.896,0.025,0.861,0.027,0.786,0.029,0.724,0.044,0.716,0.065,0.409,0.068,0.684,0.759
svm_scaled_color_haralick_no_norm_201img_400x_seed_42,svm,400x,color_haralick,,201,201,True,0.769,0.034,0.84,0.047,0.841,0.054,0.769,0.043,0.767,0.034,0.766,0.041,0.772,0.05,0.539,0.069,0.731,0.807
svm_scaled_color_haralick_no_norm_20img_100x_seed_42,svm,100x,color_haralick,,20,20,True,0.521,0.116,0.458,0.192,0.623,0.147,0.335,0.334,0.287,0.294,0.28,0.317,0.763,0.275,0.043,0.258,0.392,0.649
svm_scaled_color_haralick_no_norm_20img_400x_seed_42,svm,400x,color_haralick,,20,20,True,0.586,0.154,0.524,0.202,0.637,0.158,0.441,0.351,0.438,0.343,0.46,0.38,0.7,0.328,0.174,0.324,0.415,0.757
svm_scaled_color_haralick_no_norm_89img_100x_seed_42,svm,100x,color_haralick,,89,89,True,0.786,0.065,0.864,0.059,0.877,0.057,0.845,0.084,0.763,0.082,0.706,0.117,0.865,0.078,0.585,0.129,0.714,0.859
svm_scaled_color_haralick_no_norm_full_100x_seed_42,svm,100x,color_haralick,,89,439,True,0.799,0.038,0.88,0.047,0.973,0.013,0.956,0.023,0.867,0.027,0.795,0.042,0.815,0.101,0.498,0.088,0.756,0.841
svm_scaled_color_haralick_no_norm_full_400x_seed_42,svm,400x,color_haralick,,201,495,True,0.804,0.029,0.868,0.03,0.933,0.023,0.891,0.025,0.856,0.024,0.824,0.041,0.756,0.065,0.558,0.062,0.771,0.837
svm_scaled_color_haralick_reinhard_201img_400x_seed_42,svm,400x,color_haralick,reinhard,201,201,True,0.76,0.051,0.847,0.052,0.867,0.04,0.802,0.069,0.738,0.057,0.687,0.073,0.831,0.067,0.527,0.104,0.704,0.817
svm_scaled_color_haralick_reinhard_20img_100x_seed_42,svm,100x,color_haralick,reinhard,20,20,True,0.496,0.091,0.387,0.224,0.58,0.161,0.237,0.301,0.217,0.267,0.21,0.267,0.78,0.293,-0.007,0.191,0.394,0.597
svm_scaled_color_haralick_reinhard_20img_400x_seed_42,svm,400x,color_haralick,reinhard,20,20,True,0.645,0.213,0.647,0.221,0.713,0.185,0.646,0.303,0.597,0.278,0.577,0.285,0.702,0.267,0.275,0.459,0.409,0.881
svm_scaled_color_haralick_reinhard_89img_100x_seed_42,svm,100x,color_haralick,reinhard,89,89,True,0.698,0.08,0.757,0.093,0.777,0.097,0.712,0.095,0.69,0.087,0.684,0.131,0.714,0.127,0.406,0.16,0.609,0.787
svm_scaled_color_haralick_reinhard_full_100x_seed_42,svm,100x,color_haralick,reinhard,89,439,True,0.806,0.036,0.84,0.037,0.957,0.013,0.934,0.02,0.876,0.026,0.826,0.039,0.709,0.091,0.456,0.087,0.766,0.847
svm_scaled_color_haralick_reinhard_full_400x_seed_42,svm,400x,color_haralick,reinhard,201,495,True,0.77,0.037,0.866,0.026,0.94,0.014,0.906,0.029,0.821,0.034,0.754,0.059,0.81,0.072,0.525,0.066,0.729,0.812
svm_scaled_color_lbp_macenko_201img_400x_seed_42,svm,400x,color_lbp,macenko,201,201,True,0.737,0.05,0.806,0.051,0.803,0.053,0.734,0.067,0.738,0.047,0.746,0.054,0.727,0.085,0.476,0.101,0.681,0.793
svm_scaled_color_lbp_macenko_20img_100x_seed_42,svm,100x,color_lbp,macenko,20,20,True,0.657,0.147,0.693,0.199,0.775,0.157,0.669,0.169,0.647,0.186,0.66,0.249,0.647,0.214,0.329,0.305,0.494,0.821
svm_scaled_color_lbp_macenko_20img_400x_seed_42,svm,400x,color_lbp,macenko,20,20,True,0.55,0.165,0.48,0.237,0.603,0.167,0.494,0.281,0.469,0.271,0.47,0.3,0.63,0.241,0.092,0.368,0.366,0.734
svm_scaled_color_lbp_macenko_89img_100x_seed_42,svm,100x,color_lbp,macenko,89,89,True,0.777,0.057,0.846,0.05,0.86,0.051,0.803,0.07,0.766,0.064,0.738,0.084,0.816,0.084,0.559,0.113,0.714,0.841
svm_scaled_color_lbp_macenko_full_100x_seed_42,svm,100x,color_lbp,macenko,89,439,True,0.835,0.028,0.891,0.041,0.974,0.013,0.952,0.023,0.894,0.02,0.845,0.037,0.783,0.111,0.537,0.076,0.803,0.866
svm_scaled_color_lbp_macenko_full_400x_seed_42,svm,400x,color_lbp,macenko,201,495,True,0.793,0.026,0.852,0.031,0.923,0.023,0.888,0.022,0.846,0.022,0.81,0.039,0.751,0.057,0.536,0.052,0.764,0.822
svm_scaled_color_lbp_no_norm_201img_400x_seed_42,svm,400x,color_lbp,,201,201,True,0.798,0.039,0.874,0.032,0.881,0.035,0.807,0.044,0.793,0.042,0.783,0.06,0.814,0.052,0.599,0.078,0.755,0.842
svm_scaled_color_lbp_no_norm_20img_100x_seed_42,svm,100x,color_lbp,,20,20,True,0.604,0.162,0.556,0.248,0.667,0.17,0.494,0.357,0.467,0.338,0.48,0.367,0.727,0.294,0.215,0.346,0.425,0.784
svm_scaled_color_lbp_no_norm_20img_400x_seed_42,svm,400x,color_lbp,,20,20,True,0.494,0.135,0.514,0.21,0.632,0.149,0.431,0.26,0.438,0.25,0.47,0.292,0.51,0.322,-0.035,0.302,0.344,0.644
svm_scaled_color_lbp_no_norm_89img_100x_seed_42,svm,100x,color_lbp,,89,89,True,0.808,0.065,0.883,0.052,0.903,0.043,0.856,0.08,0.789,0.091,0.752,0.147,0.864,0.091,0.631,0.12,0.736,0.88
svm_scaled_color_lbp_no_norm_full_100x_seed_42,svm,100x,color_lbp,,89,439,True,0.902,0.033,0.948,0.032,0.987,0.014,0.957,0.023,0.94,0.022,0.924,0.04,0.793,0.122,0.681,0.098,0.865,0.939
svm_scaled_color_lbp_no_norm_full_400x_seed_42,svm,400x,color_lbp,,201,495,True,0.84,0.031,0.907,0.027,0.956,0.016,0.911,0.021,0.883,0.025,0.858,0.04,0.797,0.051,0.635,0.062,0.806,0.875
svm_scaled_color_lbp_reinhard_201img_400x_seed_42,svm,400x,color_lbp,reinhard,201,201,True,0.767,0.048,0.849,0.038,0.868,0.036,0.778,0.062,0.758,0.052,0.744,0.072,0.789,0.074,0.537,0.095,0.714,0.82
svm_scaled_color_lbp_reinhard_20img_100x_seed_42,svm,100x,color_lbp,reinhard,20,20,True,0.657,0.151,0.731,0.185,0.821,0.126,0.662,0.218,0.633,0.21,0.63,0.241,0.68,0.241,0.318,0.321,0.489,0.825
svm_scaled_color_lbp_reinhard_20img_400x_seed_42,svm,400x,color_lbp,reinhard,20,20,True,0.527,0.138,0.518,0.222,0.6,0.172,0.483,0.187,0.565,0.21,0.71,0.301,0.312,0.321,0.015,0.287,0.374,0.68
svm_scaled_color_lbp_reinhard_89img_100x_seed_42,svm,100x,color_lbp,reinhard,89,89,True,0.755,0.07,0.824,0.07,0.853,0.06,0.781,0.089,0.745,0.072,0.723,0.1,0.788,0.111,0.518,0.139,0.678,0.833
svm_scaled_color_lbp_reinhard_full_100x_seed_42,svm,100x,color_lbp,reinhard,89,439,True,0.856,0.036,0.912,0.029,0.98,0.008,0.959,0.017,0.908,0.026,0.864,0.045,0.816,0.081,0.591,0.072,0.816,0.895
svm_scaled_color_lbp_reinhard_full_400x_seed_42,svm,400x,color_lbp,reinhard,201,495,True,0.797,0.035,0.864,0.031,0.935,0.018,0.884,0.033,0.851,0.026,0.821,0.035,0.742,0.08,0.541,0.082,0.759,0.836
svm_scaled_color_macenko_201img_400x_seed_42,svm,400x,color,macenko,201,201,True,0.681,0.047,0.749,0.048,0.755,0.055,0.683,0.049,0.675,0.056,0.672,0.083,0.69,0.066,0.365,0.093,0.629,0.733
svm_scaled_color_macenko_20img_100x_seed_42,svm,100x,color,macenko,20,20,True,0.579,0.135,0.505,0.242,0.631,0.166,0.483,0.273,0.49,0.292,0.52,0.338,0.633,0.275,0.157,0.276,0.43,0.729
svm_scaled_color_macenko_20img_400x_seed_42,svm,400x,color,macenko,20,20,True,0.545,0.134,0.455,0.173,0.587,0.136,0.542,0.235,0.487,0.216,0.51,0.302,0.58,0.304,0.095,0.313,0.396,0.694
svm_scaled_color_macenko_89img_100x_seed_42,svm,100x,color,macenko,89,89,True,0.654,0.09,0.726,0.107,0.744,0.098,0.663,0.111,0.639,0.108,0.63,0.141,0.677,0.115,0.313,0.182,0.554,0.753
svm_scaled_color_macenko_full_100x_seed_42,svm,100x,color,macenko,89,439,True,0.742,0.047,0.798,0.054,0.944,0.024,0.918,0.02,0.829,0.036,0.757,0.054,0.666,0.083,0.345,0.082,0.69,0.794
svm_scaled_color_macenko_full_400x_seed_42,svm,400x,color,macenko,201,495,True,0.719,0.026,0.792,0.026,0.896,0.016,0.862,0.026,0.783,0.024,0.72,0.042,0.719,0.065,0.407,0.053,0.69,0.749
svm_scaled_color_no_norm_201img_400x_seed_42,svm,400x,color,,201,201,True,0.779,0.048,0.856,0.05,0.869,0.049,0.802,0.06,0.768,0.055,0.742,0.079,0.816,0.066,0.563,0.095,0.726,0.832
svm_scaled_color_no_norm_20img_100x_seed_42,svm,100x,color,,20,20,True,0.648,0.118,0.589,0.267,0.731,0.172,0.596,0.405,0.484,0.327,0.45,0.339,0.847,0.252,0.324,0.259,0.517,0.779
svm_scaled_color_no_norm_20img_400x_seed_42,svm,400x,color,,20,20,True,0.535,0.141,0.514,0.201,0.625,0.139,0.451,0.277,0.419,0.273,0.41,0.297,0.663,0.24,0.068,0.307,0.378,0.692
svm_scaled_color_no_norm_89img_100x_seed_42,svm,100x,color,,89,89,True,0.757,0.073,0.843,0.06,0.864,0.054,0.794,0.09,0.738,0.087,0.698,0.11,0.813,0.095,0.52,0.144,0.676,0.838
svm_scaled_color_no_norm_full_100x_seed_42,svm,100x,color,,89,439,True,0.752,0.04,0.87,0.031,0.972,0.007,0.955,0.023,0.83,0.033,0.737,0.055,0.825,0.095,0.442,0.063,0.708,0.796
svm_scaled_color_no_norm_full_400x_seed_42,svm,400x,color,,201,495,True,0.8,0.022,0.876,0.028,0.943,0.019,0.901,0.023,0.85,0.019,0.807,0.036,0.784,0.058,0.56,0.046,0.775,0.825
svm_scaled_color_reinhard_201img_400x_seed_42,svm,400x,color,reinhard,201,201,True,0.786,0.039,0.861,0.044,0.876,0.035,0.826,0.047,0.767,0.05,0.72,0.081,0.849,0.051,0.578,0.076,0.743,0.829
svm_scaled_color_reinhard_20img_100x_seed_42,svm,100x,color,reinhard,20,20,True,0.539,0.134,0.333,0.175,0.515,0.113,0.283,0.316,0.311,0.347,0.35,0.395,0.717,0.346,0.069,0.295,0.391,0.688
svm_scaled_color_reinhard_20img_400x_seed_42,svm,400x,color,reinhard,20,20,True,0.556,0.186,0.528,0.256,0.606,0.199,0.478,0.292,0.517,0.303,0.613,0.386,0.471,0.36,0.079,0.407,0.349,0.764
svm_scaled_color_reinhard_89img_100x_seed_42,svm,100x,color,reinhard,89,89,True,0.755,0.083,0.817,0.091,0.823,0.091,0.763,0.091,0.755,0.077,0.761,0.114,0.75,0.149,0.519,0.163,0.663,0.848
svm_scaled_color_reinhard_full_100x_seed_42,svm,100x,color,reinhard,89,439,True,0.818,0.036,0.856,0.038,0.962,0.017,0.94,0.023,0.883,0.025,0.835,0.044,0.732,0.106,0.487,0.086,0.778,0.858
svm_scaled_color_reinhard_full_400x_seed_42,svm,400x,color,reinhard,201,495,True,0.784,0.036,0.869,0.025,0.941,0.013,0.913,0.022,0.833,0.032,0.767,0.05,0.824,0.052,0.551,0.064,0.744,0.824
svm_scaled_haralick_macenko_201img_400x_seed_42,svm,400x,haralick,macenko,201,201,True,0.555,0.038,0.574,0.062,0.601,0.052,0.589,0.156,0.409,0.098,0.321,0.091,0.786,0.102,0.126,0.095,0.514,0.597
svm_scaled_haralick_macenko_20img_100x_seed_42,svm,100x,haralick,macenko,20,20,True,0.517,0.08,0.439,0.178,0.511,0.095,0.228,0.323,0.198,0.285,0.2,0.315,0.843,0.237,0.046,0.183,0.428,0.606
svm_scaled_haralick_macenko_20img_400x_seed_42,svm,400x,haralick,macenko,20,20,True,0.625,0.194,0.332,0.174,0.467,0.088,0.667,0.286,0.576,0.239,0.54,0.257,0.71,0.225,0.267,0.41,0.409,0.841
svm_scaled_haralick_macenko_89img_100x_seed_42,svm,100x,haralick,macenko,89,89,True,0.625,0.097,0.65,0.113,0.685,0.098,0.637,0.113,0.598,0.12,0.573,0.142,0.677,0.113,0.254,0.196,0.517,0.733
svm_scaled_haralick_macenko_full_100x_seed_42,svm,100x,haralick,macenko,89,439,True,0.609,0.049,0.679,0.059,0.907,0.017,0.905,0.034,0.714,0.045,0.593,0.062,0.688,0.128,0.213,0.092,0.555,0.663
svm_scaled_haralick_macenko_full_400x_seed_42,svm,400x,haralick,macenko,201,495,True,0.46,0.058,0.529,0.071,0.743,0.045,0.772,0.058,0.462,0.095,0.346,0.148,0.738,0.177,0.086,0.068,0.396,0.525
svm_scaled_haralick_no_norm_201img_400x_seed_42,svm,400x,haralick,,201,201,True,0.613,0.05,0.627,0.048,0.649,0.043,0.645,0.071,0.561,0.057,0.502,0.068,0.723,0.085,0.232,0.103,0.558,0.668
svm_scaled_haralick_no_norm_20img_100x_seed_42,svm,100x,haralick,,20,20,True,0.499,0.144,0.465,0.267,0.591,0.177,0.347,0.331,0.33,0.307,0.35,0.346,0.647,0.343,-0.017,0.329,0.339,0.659
svm_scaled_haralick_no_norm_20img_400x_seed_42,svm,400x,haralick,,20,20,True,0.608,0.122,0.55,0.248,0.632,0.19,0.493,0.339,0.463,0.316,0.46,0.336,0.75,0.229,0.224,0.256,0.472,0.744
svm_scaled_haralick_no_norm_89img_100x_seed_42,svm,100x,haralick,,89,89,True,0.663,0.084,0.678,0.089,0.729,0.08,0.736,0.135,0.61,0.1,0.541,0.129,0.784,0.15,0.347,0.173,0.57,0.756
svm_scaled_haralick_no_norm_full_100x_seed_42,svm,100x,haralick,,89,439,True,0.623,0.035,0.721,0.048,0.928,0.01,0.935,0.027,0.721,0.033,0.588,0.045,0.793,0.098,0.287,0.069,0.583,0.662
svm_scaled_haralick_no_norm_full_400x_seed_42,svm,400x,haralick,,201,495,True,0.551,0.033,0.634,0.041,0.812,0.025,0.821,0.044,0.594,0.042,0.468,0.05,0.751,0.076,0.204,0.068,0.514,0.588
svm_scaled_haralick_reinhard_201img_400x_seed_42,svm,400x,haralick,reinhard,201,201,True,0.534,0.054,0.517,0.069,0.549,0.057,0.601,0.155,0.308,0.093,0.216,0.079,0.843,0.112,0.086,0.137,0.474,0.593
svm_scaled_haralick_reinhard_20img_100x_seed_42,svm,100x,haralick,reinhard,20,20,True,0.586,0.181,0.507,0.27,0.606,0.194,0.503,0.385,0.426,0.328,0.4,0.331,0.777,0.261,0.193,0.374,0.385,0.788
svm_scaled_haralick_reinhard_20img_400x_seed_42,svm,400x,haralick,reinhard,20,20,True,0.464,0.138,0.624,0.103,0.608,0.126,0.369,0.217,0.456,0.284,0.64,0.433,0.232,0.391,-0.149,0.27,0.31,0.617
svm_scaled_haralick_reinhard_89img_100x_seed_42,svm,100x,haralick,reinhard,89,89,True,0.659,0.079,0.683,0.083,0.707,0.08,0.708,0.117,0.618,0.088,0.56,0.108,0.759,0.113,0.331,0.162,0.572,0.747
svm_scaled_haralick_reinhard_full_100x_seed_42,svm,100x,haralick,reinhard,89,439,True,0.623,0.046,0.701,0.057,0.906,0.019,0.929,0.038,0.723,0.038,0.593,0.045,0.772,0.127,0.274,0.107,0.571,0.674
svm_scaled_haralick_reinhard_full_400x_seed_42,svm,400x,haralick,reinhard,201,495,True,0.438,0.032,0.564,0.048,0.771,0.03,0.841,0.064,0.385,0.044,0.25,0.035,0.886,0.051,0.153,0.074,0.403,0.473
svm_scaled_lbp_haralick_macenko_201img_400x_seed_42,svm,400x,lbp_haralick,macenko,201,201,True,0.655,0.044,0.714,0.046,0.694,0.052,0.657,0.052,0.649,0.048,0.646,0.069,0.664,0.076,0.312,0.089,0.606,0.704
svm_scaled_lbp_haralick_macenko_20img_100x_seed_42,svm,100x,lbp_haralick,macenko,20,20,True,0.566,0.129,0.433,0.193,0.601,0.127,0.445,0.348,0.398,0.307,0.38,0.307,0.75,0.271,0.138,0.272,0.423,0.71
svm_scaled_lbp_haralick_macenko_20img_400x_seed_42,svm,400x,lbp_haralick,macenko,20,20,True,0.55,0.144,0.432,0.185,0.559,0.132,0.605,0.267,0.468,0.189,0.42,0.213,0.68,0.223,0.12,0.321,0.39,0.71
svm_scaled_lbp_haralick_macenko_89img_100x_seed_42,svm,100x,lbp_haralick,macenko,89,89,True,0.694,0.061,0.737,0.077,0.74,0.084,0.71,0.084,0.681,0.07,0.667,0.11,0.721,0.105,0.395,0.126,0.625,0.762
svm_scaled_lbp_haralick_macenko_full_100x_seed_42,svm,100x,lbp_haralick,macenko,89,439,True,0.731,0.059,0.774,0.064,0.934,0.022,0.928,0.025,0.818,0.045,0.734,0.065,0.718,0.1,0.361,0.108,0.666,0.797
svm_scaled_lbp_haralick_macenko_full_400x_seed_42,svm,400x,lbp_haralick,macenko,201,495,True,0.718,0.04,0.77,0.039,0.874,0.029,0.845,0.027,0.786,0.035,0.735,0.051,0.675,0.062,0.386,0.077,0.673,0.762
svm_scaled_lbp_haralick_no_norm_201img_400x_seed_42,svm,400x,lbp_haralick,,201,201,True,0.709,0.049,0.784,0.05,0.79,0.05,0.696,0.054,0.717,0.047,0.742,0.064,0.678,0.074,0.422,0.1,0.654,0.764
svm_scaled_lbp_haralick_no_norm_20img_100x_seed_42,svm,100x,lbp_haralick,,20,20,True,0.624,0.171,0.698,0.184,0.797,0.123,0.651,0.234,0.619,0.204,0.65,0.26,0.597,0.309,0.259,0.385,0.434,0.813
svm_scaled_lbp_haralick_no_norm_20img_400x_seed_42,svm,400x,lbp_haralick,,20,20,True,0.517,0.124,0.51,0.213,0.628,0.148,0.377,0.281,0.389,0.299,0.43,0.365,0.59,0.356,0.018,0.259,0.379,0.655
svm_scaled_lbp_haralick_no_norm_89img_100x_seed_42,svm,100x,lbp_haralick,,89,89,True,0.758,0.07,0.84,0.053,0.862,0.051,0.783,0.089,0.745,0.091,0.725,0.116,0.791,0.102,0.523,0.135,0.68,0.836
svm_scaled_lbp_haralick_no_norm_full_100x_seed_42,svm,100x,lbp_haralick,,89,439,True,0.8,0.037,0.863,0.037,0.97,0.009,0.936,0.023,0.871,0.027,0.816,0.05,0.718,0.113,0.452,0.078,0.759,0.84
svm_scaled_lbp_haralick_no_norm_full_400x_seed_42,svm,400x,lbp_haralick,,201,495,True,0.753,0.032,0.807,0.039,0.904,0.023,0.86,0.03,0.816,0.025,0.778,0.037,0.693,0.077,0.448,0.074,0.717,0.789
svm_scaled_lbp_haralick_reinhard_201img_400x_seed_42,svm,400x,lbp_haralick,reinhard,201,201,True,0.726,0.049,0.8,0.041,0.796,0.045,0.718,0.058,0.725,0.056,0.739,0.087,0.713,0.078,0.456,0.099,0.671,0.78
svm_scaled_lbp_haralick_reinhard_20img_100x_seed_42,svm,100x,lbp_haralick,reinhard,20,20,True,0.705,0.204,0.768,0.208,0.844,0.138,0.71,0.3,0.655,0.284,0.64,0.307,0.777,0.246,0.433,0.408,0.478,0.932
svm_scaled_lbp_haralick_reinhard_20img_400x_seed_42,svm,400x,lbp_haralick,reinhard,20,20,True,0.48,0.148,0.465,0.153,0.574,0.094,0.428,0.197,0.49,0.238,0.62,0.358,0.307,0.341,-0.08,0.285,0.316,0.644
svm_scaled_lbp_haralick_reinhard_89img_100x_seed_42,svm,100x,lbp_haralick,reinhard,89,89,True,0.755,0.081,0.824,0.069,0.853,0.066,0.799,0.096,0.733,0.1,0.693,0.135,0.819,0.107,0.523,0.158,0.665,0.846
svm_scaled_lbp_haralick_reinhard_full_100x_seed_42,svm,100x,lbp_haralick,reinhard,89,439,True,0.827,0.036,0.886,0.042,0.975,0.01,0.946,0.019,0.89,0.025,0.841,0.042,0.759,0.089,0.516,0.084,0.788,0.867
svm_scaled_lbp_haralick_reinhard_full_400x_seed_42,svm,400x,lbp_haralick,reinhard,201,495,True,0.747,0.042,0.814,0.03,0.906,0.015,0.857,0.027,0.81,0.034,0.769,0.053,0.693,0.069,0.44,0.085,0.701,0.793
svm_scaled_lbp_macenko_201img_400x_seed_42,svm,400x,lbp,macenko,201,201,True,0.668,0.039,0.743,0.049,0.722,0.06,0.669,0.042,0.662,0.044,0.659,0.066,0.677,0.061,0.337,0.078,0.625,0.711
svm_scaled_lbp_macenko_20img_100x_seed_42,svm,100x,lbp,macenko,20,20,True,0.64,0.172,0.666,0.224,0.778,0.155,0.673,0.259,0.604,0.227,0.59,0.269,0.693,0.274,0.304,0.357,0.449,0.831
svm_scaled_lbp_macenko_20img_400x_seed_42,svm,400x,lbp,macenko,20,20,True,0.63,0.163,0.479,0.262,0.616,0.186,0.598,0.29,0.556,0.278,0.57,0.327,0.69,0.231,0.277,0.346,0.449,0.811
svm_scaled_lbp_macenko_89img_100x_seed_42,svm,100x,lbp,macenko,89,89,True,0.634,0.076,0.669,0.092,0.7,0.081,0.647,0.09,0.614,0.097,0.598,0.131,0.67,0.127,0.274,0.152,0.55,0.718
svm_scaled_lbp_macenko_full_100x_seed_42,svm,100x,lbp,macenko,89,439,True,0.741,0.058,0.78,0.069,0.941,0.025,0.919,0.03,0.828,0.043,0.755,0.061,0.673,0.119,0.349,0.12,0.677,0.806
svm_scaled_lbp_macenko_full_400x_seed_42,svm,400x,lbp,macenko,201,495,True,0.725,0.029,0.777,0.034,0.875,0.03,0.847,0.024,0.793,0.026,0.746,0.042,0.674,0.063,0.396,0.059,0.692,0.758
svm_scaled_lbp_no_norm_201img_400x_seed_42,svm,400x,lbp,,201,201,True,0.687,0.04,0.766,0.05,0.775,0.052,0.671,0.048,0.7,0.037,0.736,0.063,0.638,0.081,0.379,0.081,0.642,0.732
svm_scaled_lbp_no_norm_20img_100x_seed_42,svm,100x,lbp,,20,20,True,0.708,0.161,0.769,0.149,0.849,0.104,0.695,0.277,0.687,0.242,0.71,0.267,0.703,0.279,0.437,0.331,0.529,0.886
svm_scaled_lbp_no_norm_20img_400x_seed_42,svm,400x,lbp,,20,20,True,0.521,0.17,0.419,0.221,0.576,0.143,0.449,0.24,0.502,0.273,0.59,0.345,0.44,0.329,0.027,0.385,0.332,0.71
svm_scaled_lbp_no_norm_89img_100x_seed_42,svm,100x,lbp,,89,89,True,0.717,0.069,0.782,0.076,0.822,0.062,0.738,0.087,0.703,0.078,0.683,0.116,0.75,0.107,0.441,0.139,0.639,0.794
svm_scaled_lbp_no_norm_full_100x_seed_42,svm,100x,lbp,,89,439,True,0.764,0.041,0.852,0.041,0.966,0.014,0.948,0.026,0.841,0.033,0.758,0.056,0.792,0.116,0.44,0.077,0.718,0.81
svm_scaled_lbp_no_norm_full_400x_seed_42,svm,400x,lbp,,201,495,True,0.736,0.033,0.808,0.03,0.903,0.019,0.853,0.027,0.802,0.028,0.758,0.044,0.683,0.068,0.418,0.068,0.7,0.773
svm_scaled_lbp_reinhard_201img_400x_seed_42,svm,400x,lbp,reinhard,201,201,True,0.709,0.055,0.803,0.048,0.809,0.052,0.687,0.062,0.72,0.055,0.761,0.074,0.659,0.081,0.424,0.11,0.648,0.77
svm_scaled_lbp_reinhard_20img_100x_seed_42,svm,100x,lbp,reinhard,20,20,True,0.762,0.155,0.84,0.164,0.884,0.118,0.823,0.192,0.752,0.17,0.72,0.195,0.8,0.255,0.531,0.341,0.59,0.935
svm_scaled_lbp_reinhard_20img_400x_seed_42,svm,400x,lbp,reinhard,20,20,True,0.532,0.105,0.49,0.159,0.578,0.103,0.492,0.137,0.597,0.167,0.787,0.263,0.261,0.277,0.053,0.241,0.415,0.649
svm_scaled_lbp_reinhard_89img_100x_seed_42,svm,100x,lbp,reinhard,89,89,True,0.759,0.066,0.827,0.064,0.864,0.053,0.793,0.092,0.746,0.069,0.715,0.095,0.802,0.117,0.526,0.13,0.686,0.832
svm_scaled_lbp_reinhard_full_100x_seed_42,svm,100x,lbp,reinhard,89,439,True,0.826,0.048,0.902,0.032,0.979,0.008,0.954,0.025,0.888,0.034,0.832,0.059,0.801,0.117,0.537,0.108,0.773,0.88
svm_scaled_lbp_reinhard_full_400x_seed_42,svm,400x,lbp,reinhard,201,495,True,0.729,0.038,0.806,0.031,0.905,0.017,0.846,0.023,0.796,0.032,0.753,0.048,0.672,0.058,0.402,0.076,0.687,0.771
svm_unscaled_all_macenko_201img_400x_seed_42,svm,400x,all,macenko,201,201,False,0.692,0.044,0.751,0.045,0.739,0.058,0.685,0.052,0.694,0.05,0.709,0.078,0.675,0.073,0.387,0.088,0.643,0.741
svm_unscaled_all_macenko_20img_100x_seed_42,svm,100x,all,macenko,20,20,False,0.466,0.141,0.528,0.231,0.651,0.174,0.411,0.284,0.342,0.23,0.33,0.267,0.607,0.285,-0.056,0.312,0.309,0.623
svm_unscaled_all_macenko_20img_400x_seed_42,svm,400x,all,macenko,20,20,False,0.53,0.154,0.496,0.169,0.592,0.128,0.548,0.174,0.507,0.173,0.52,0.249,0.54,0.277,0.057,0.346,0.359,0.701
svm_unscaled_all_macenko_89img_100x_seed_42,svm,100x,all,macenko,89,89,False,0.686,0.075,0.768,0.068,0.79,0.071,0.707,0.098,0.663,0.1,0.637,0.13,0.734,0.103,0.378,0.151,0.603,0.769
svm_unscaled_all_macenko_full_100x_seed_42,svm,100x,all,macenko,89,439,False,0.769,0.043,0.814,0.047,0.948,0.019,0.922,0.025,0.85,0.032,0.79,0.05,0.668,0.114,0.381,0.099,0.721,0.818
svm_unscaled_all_macenko_full_400x_seed_42,svm,400x,all,macenko,201,495,False,0.729,0.041,0.79,0.025,0.893,0.019,0.854,0.027,0.794,0.036,0.744,0.06,0.691,0.068,0.41,0.074,0.683,0.774
svm_unscaled_all_no_norm_201img_400x_seed_42,svm,400x,all,,201,201,False,0.765,0.039,0.834,0.044,0.806,0.076,0.765,0.049,0.763,0.043,0.766,0.075,0.764,0.068,0.534,0.078,0.722,0.808
svm_unscaled_all_no_norm_20img_100x_seed_42,svm,100x,all,,20,20,False,0.606,0.126,0.564,0.214,0.704,0.147,0.408,0.416,0.361,0.367,0.36,0.396,0.853,0.227,0.239,0.273,0.466,0.746
svm_unscaled_all_no_norm_20img_400x_seed_42,svm,400x,all,,20,20,False,0.448,0.13,0.418,0.211,0.568,0.138,0.181,0.259,0.164,0.241,0.16,0.249,0.74,0.307,-0.117,0.279,0.303,0.592
svm_unscaled_all_no_norm_89img_100x_seed_42,svm,100x,all,,89,89,False,0.763,0.058,0.818,0.098,0.829,0.092,0.789,0.063,0.748,0.073,0.721,0.117,0.803,0.082,0.533,0.115,0.699,0.828
svm_unscaled_all_no_norm_full_100x_seed_42,svm,100x,all,,89,439,False,0.795,0.04,0.874,0.04,0.971,0.013,0.95,0.023,0.866,0.029,0.797,0.048,0.789,0.104,0.481,0.087,0.751,0.84
svm_unscaled_all_no_norm_full_400x_seed_42,svm,400x,all,,201,495,False,0.799,0.027,0.857,0.036,0.926,0.031,0.879,0.035,0.854,0.022,0.833,0.049,0.719,0.103,0.539,0.065,0.769,0.83
svm_unscaled_all_reinhard_201img_400x_seed_42,svm,400x,all,reinhard,201,201,False,0.742,0.041,0.807,0.045,0.83,0.047,0.777,0.065,0.721,0.046,0.678,0.073,0.803,0.08,0.49,0.084,0.696,0.787
svm_unscaled_all_reinhard_20img_100x_seed_42,svm,100x,all,reinhard,20,20,False,0.546,0.109,0.442,0.219,0.59,0.161,0.254,0.333,0.27,0.347,0.3,0.389,0.78,0.324,0.087,0.224,0.425,0.666
svm_unscaled_all_reinhard_20img_400x_seed_42,svm,400x,all,reinhard,20,20,False,0.509,0.131,0.489,0.145,0.577,0.131,0.454,0.202,0.513,0.228,0.643,0.347,0.345,0.348,-0.01,0.26,0.364,0.655
svm_unscaled_all_reinhard_89img_100x_seed_42,svm,100x,all,reinhard,89,89,False,0.729,0.096,0.795,0.085,0.808,0.077,0.719,0.098,0.737,0.092,0.772,0.137,0.688,0.149,0.469,0.192,0.623,0.836
svm_unscaled_all_reinhard_full_100x_seed_42,svm,100x,all,reinhard,89,439,False,0.811,0.043,0.822,0.057,0.951,0.02,0.915,0.035,0.882,0.031,0.855,0.066,0.593,0.194,0.412,0.116,0.763,0.858
svm_unscaled_all_reinhard_full_400x_seed_42,svm,400x,all,reinhard,201,495,False,0.764,0.043,0.836,0.034,0.923,0.018,0.878,0.035,0.821,0.035,0.773,0.055,0.741,0.091,0.486,0.09,0.716,0.811
svm_unscaled_color_haralick_macenko_201img_400x_seed_42,svm,400x,color_haralick,macenko,201,201,False,0.692,0.042,0.748,0.044,0.734,0.055,0.685,0.05,0.695,0.049,0.709,0.078,0.676,0.072,0.388,0.085,0.645,0.74
svm_unscaled_color_haralick_macenko_20img_100x_seed_42,svm,100x,color_haralick,macenko,20,20,False,0.489,0.132,0.519,0.23,0.654,0.17,0.424,0.284,0.363,0.24,0.35,0.27,0.63,0.28,-0.017,0.294,0.342,0.635
svm_unscaled_color_haralick_macenko_20img_400x_seed_42,svm,400x,color_haralick,macenko,20,20,False,0.535,0.151,0.496,0.169,0.592,0.128,0.551,0.172,0.512,0.175,0.53,0.263,0.54,0.277,0.072,0.334,0.367,0.703
svm_unscaled_color_haralick_macenko_89img_100x_seed_42,svm,100x,color_haralick,macenko,89,89,False,0.686,0.075,0.768,0.068,0.79,0.071,0.707,0.098,0.663,0.1,0.637,0.13,0.734,0.103,0.378,0.151,0.603,0.769
svm_unscaled_color_haralick_macenko_full_100x_seed_42,svm,100x,color_haralick,macenko,89,439,False,0.769,0.043,0.814,0.047,0.948,0.019,0.922,0.025,0.85,0.032,0.79,0.05,0.668,0.114,0.381,0.099,0.721,0.818
svm_unscaled_color_haralick_macenko_full_400x_seed_42,svm,400x,color_haralick,macenko,201,495,False,0.729,0.04,0.79,0.025,0.893,0.019,0.854,0.027,0.794,0.036,0.744,0.06,0.691,0.068,0.41,0.073,0.684,0.773
svm_unscaled_color_haralick_no_norm_201img_400x_seed_42,svm,400x,color_haralick,,201,201,False,0.765,0.039,0.834,0.044,0.806,0.076,0.765,0.049,0.763,0.043,0.766,0.075,0.764,0.068,0.534,0.078,0.722,0.808
svm_unscaled_color_haralick_no_norm_20img_100x_seed_42,svm,100x,color_haralick,,20,20,False,0.601,0.122,0.562,0.216,0.703,0.147,0.405,0.413,0.354,0.361,0.35,0.389,0.853,0.227,0.23,0.267,0.465,0.737
svm_unscaled_color_haralick_no_norm_20img_400x_seed_42,svm,400x,color_haralick,,20,20,False,0.448,0.13,0.424,0.214,0.576,0.145,0.161,0.252,0.151,0.241,0.15,0.25,0.75,0.312,-0.117,0.279,0.303,0.592
svm_unscaled_color_haralick_no_norm_89img_100x_seed_42,svm,100x,color_haralick,,89,89,False,0.763,0.058,0.818,0.098,0.829,0.092,0.789,0.063,0.748,0.073,0.721,0.117,0.803,0.082,0.533,0.115,0.699,0.828
svm_unscaled_color_haralick_no_norm_full_100x_seed_42,svm,100x,color_haralick,,89,439,False,0.795,0.04,0.874,0.04,0.971,0.013,0.95,0.023,0.866,0.029,0.797,0.048,0.789,0.104,0.481,0.087,0.751,0.84
svm_unscaled_color_haralick_no_norm_full_400x_seed_42,svm,400x,color_haralick,,201,495,False,0.799,0.027,0.857,0.036,0.926,0.031,0.879,0.035,0.854,0.022,0.833,0.049,0.719,0.103,0.539,0.065,0.769,0.83
svm_unscaled_color_haralick_reinhard_201img_400x_seed_42,svm,400x,color_haralick,reinhard,201,201,False,0.742,0.041,0.807,0.045,0.83,0.047,0.777,0.065,0.721,0.046,0.678,0.073,0.803,0.08,0.49,0.084,0.696,0.787
svm_unscaled_color_haralick_reinhard_20img_100x_seed_42,svm,100x,color_haralick,reinhard,20,20,False,0.545,0.11,0.424,0.212,0.579,0.16,0.279,0.34,0.29,0.344,0.32,0.385,0.76,0.334,0.084,0.23,0.423,0.667
svm_unscaled_color_haralick_reinhard_20img_400x_seed_42,svm,400x,color_haralick,reinhard,20,20,False,0.514,0.131,0.474,0.146,0.57,0.129,0.461,0.2,0.519,0.223,0.647,0.334,0.357,0.338,0.007,0.276,0.368,0.659
svm_unscaled_color_haralick_reinhard_89img_100x_seed_42,svm,100x,color_haralick,reinhard,89,89,False,0.727,0.101,0.789,0.102,0.802,0.094,0.698,0.172,0.713,0.173,0.745,0.206,0.712,0.15,0.466,0.199,0.615,0.839
svm_unscaled_color_haralick_reinhard_full_100x_seed_42,svm,100x,color_haralick,reinhard,89,439,False,0.81,0.044,0.822,0.056,0.951,0.02,0.914,0.035,0.881,0.032,0.854,0.067,0.593,0.194,0.411,0.118,0.761,0.859
svm_unscaled_color_haralick_reinhard_full_400x_seed_42,svm,400x,color_haralick,reinhard,201,495,False,0.763,0.043,0.836,0.034,0.923,0.018,0.878,0.035,0.821,0.035,0.773,0.055,0.741,0.091,0.485,0.09,0.716,0.81
svm_unscaled_color_lbp_macenko_201img_400x_seed_42,svm,400x,color_lbp,macenko,201,201,False,0.685,0.03,0.743,0.041,0.736,0.055,0.679,0.034,0.686,0.038,0.698,0.07,0.673,0.06,0.374,0.061,0.652,0.719
svm_unscaled_color_lbp_macenko_20img_100x_seed_42,svm,100x,color_lbp,macenko,20,20,False,0.478,0.138,0.509,0.208,0.622,0.154,0.445,0.272,0.384,0.227,0.38,0.271,0.577,0.291,-0.04,0.308,0.325,0.631
svm_unscaled_color_lbp_macenko_20img_400x_seed_42,svm,400x,color_lbp,macenko,20,20,False,0.53,0.15,0.434,0.159,0.546,0.109,0.555,0.193,0.511,0.18,0.54,0.277,0.52,0.279,0.074,0.329,0.363,0.697
svm_unscaled_color_lbp_macenko_89img_100x_seed_42,svm,100x,color_lbp,macenko,89,89,False,0.68,0.07,0.767,0.064,0.783,0.071,0.698,0.097,0.663,0.09,0.646,0.132,0.714,0.112,0.368,0.142,0.602,0.758
svm_unscaled_color_lbp_macenko_full_100x_seed_42,svm,100x,color_lbp,macenko,89,439,False,0.74,0.057,0.807,0.06,0.946,0.024,0.931,0.029,0.824,0.046,0.742,0.069,0.727,0.126,0.376,0.104,0.677,0.803
svm_unscaled_color_lbp_macenko_full_400x_seed_42,svm,400x,color_lbp,macenko,201,495,False,0.731,0.041,0.789,0.026,0.893,0.018,0.853,0.027,0.797,0.036,0.75,0.059,0.685,0.07,0.412,0.074,0.686,0.776
svm_unscaled_color_lbp_no_norm_201img_400x_seed_42,svm,400x,color_lbp,,201,201,False,0.765,0.045,0.833,0.045,0.804,0.077,0.761,0.052,0.764,0.05,0.772,0.079,0.758,0.069,0.534,0.089,0.715,0.815
svm_unscaled_color_lbp_no_norm_20img_100x_seed_42,svm,100x,color_lbp,,20,20,False,0.606,0.115,0.598,0.195,0.73,0.128,0.422,0.397,0.383,0.359,0.39,0.396,0.823,0.234,0.239,0.251,0.479,0.734
svm_unscaled_color_lbp_no_norm_20img_400x_seed_42,svm,400x,color_lbp,,20,20,False,0.449,0.133,0.418,0.216,0.576,0.148,0.177,0.256,0.168,0.251,0.17,0.277,0.73,0.311,-0.113,0.277,0.301,0.596
svm_unscaled_color_lbp_no_norm_89img_100x_seed_42,svm,100x,color_lbp,,89,89,False,0.758,0.064,0.835,0.064,0.851,0.065,0.781,0.08,0.745,0.075,0.72,0.106,0.792,0.096,0.52,0.128,0.687,0.829
svm_unscaled_color_lbp_no_norm_full_100x_seed_42,svm,100x,color_lbp,,89,439,False,0.774,0.036,0.859,0.032,0.967,0.011,0.946,0.021,0.85,0.028,0.773,0.053,0.778,0.098,0.447,0.059,0.734,0.814
svm_unscaled_color_lbp_no_norm_full_400x_seed_42,svm,400x,color_lbp,,201,495,False,0.792,0.032,0.843,0.04,0.916,0.033,0.866,0.03,0.849,0.027,0.836,0.058,0.685,0.093,0.515,0.067,0.756,0.827
svm_unscaled_color_lbp_reinhard_201img_400x_seed_42,svm,400x,color_lbp,reinhard,201,201,False,0.74,0.045,0.809,0.043,0.826,0.05,0.774,0.065,0.719,0.05,0.678,0.078,0.8,0.079,0.487,0.091,0.69,0.79
svm_unscaled_color_lbp_reinhard_20img_100x_seed_42,svm,100x,color_lbp,reinhard,20,20,False,0.559,0.132,0.438,0.227,0.601,0.156,0.309,0.347,0.32,0.354,0.34,0.381,0.77,0.305,0.111,0.286,0.412,0.705
svm_unscaled_color_lbp_reinhard_20img_400x_seed_42,svm,400x,color_lbp,reinhard,20,20,False,0.524,0.15,0.441,0.159,0.544,0.126,0.457,0.225,0.524,0.255,0.66,0.366,0.367,0.32,0.035,0.328,0.358,0.691
svm_unscaled_color_lbp_reinhard_89img_100x_seed_42,svm,100x,color_lbp,reinhard,89,89,False,0.738,0.079,0.812,0.074,0.826,0.07,0.738,0.088,0.74,0.082,0.757,0.126,0.72,0.133,0.486,0.156,0.65,0.827
svm_unscaled_color_lbp_reinhard_full_100x_seed_42,svm,100x,color_lbp,reinhard,89,439,False,0.826,0.033,0.835,0.045,0.956,0.016,0.925,0.032,0.892,0.023,0.864,0.053,0.643,0.176,0.461,0.108,0.789,0.864
svm_unscaled_color_lbp_reinhard_full_400x_seed_42,svm,400x,color_lbp,reinhard,201,495,False,0.766,0.037,0.836,0.027,0.922,0.017,0.88,0.027,0.823,0.034,0.776,0.061,0.744,0.075,0.493,0.064,0.726,0.807
svm_unscaled_color_macenko_201img_400x_seed_42,svm,400x,color,macenko,201,201,False,0.685,0.03,0.743,0.041,0.736,0.055,0.679,0.034,0.686,0.038,0.698,0.07,0.673,0.06,0.374,0.061,0.652,0.719
svm_unscaled_color_macenko_20img_100x_seed_42,svm,100x,color,macenko,20,20,False,0.493,0.163,0.508,0.217,0.624,0.148,0.448,0.295,0.41,0.254,0.41,0.278,0.573,0.311,-0.02,0.364,0.312,0.674
svm_unscaled_color_macenko_20img_400x_seed_42,svm,400x,color,macenko,20,20,False,0.54,0.148,0.419,0.17,0.542,0.113,0.565,0.188,0.526,0.176,0.56,0.273,0.52,0.279,0.095,0.324,0.376,0.704
svm_unscaled_color_macenko_89img_100x_seed_42,svm,100x,color,macenko,89,89,False,0.68,0.07,0.767,0.064,0.783,0.071,0.698,0.097,0.663,0.09,0.646,0.132,0.714,0.112,0.368,0.142,0.602,0.758
svm_unscaled_color_macenko_full_100x_seed_42,svm,100x,color,macenko,89,439,False,0.74,0.057,0.807,0.06,0.946,0.024,0.931,0.029,0.824,0.046,0.742,0.069,0.727,0.126,0.376,0.104,0.677,0.803
svm_unscaled_color_macenko_full_400x_seed_42,svm,400x,color,macenko,201,495,False,0.731,0.041,0.788,0.026,0.893,0.018,0.853,0.027,0.797,0.036,0.75,0.059,0.685,0.07,0.412,0.074,0.686,0.776
svm_unscaled_color_no_norm_201img_400x_seed_42,svm,400x,color,,201,201,False,0.764,0.045,0.833,0.045,0.804,0.077,0.76,0.052,0.764,0.05,0.772,0.079,0.757,0.069,0.533,0.089,0.715,0.814
svm_unscaled_color_no_norm_20img_100x_seed_42,svm,100x,color,,20,20,False,0.596,0.113,0.584,0.204,0.711,0.137,0.392,0.399,0.353,0.358,0.36,0.396,0.833,0.236,0.219,0.249,0.471,0.722
svm_unscaled_color_no_norm_20img_400x_seed_42,svm,400x,color,,20,20,False,0.454,0.135,0.417,0.215,0.571,0.142,0.204,0.271,0.191,0.261,0.19,0.282,0.717,0.306,-0.106,0.281,0.304,0.604
svm_unscaled_color_no_norm_89img_100x_seed_42,svm,100x,color,,89,89,False,0.757,0.064,0.832,0.061,0.848,0.062,0.784,0.082,0.742,0.076,0.716,0.112,0.794,0.099,0.519,0.128,0.685,0.828
svm_unscaled_color_no_norm_full_100x_seed_42,svm,100x,color,,89,439,False,0.774,0.036,0.859,0.032,0.967,0.011,0.946,0.021,0.85,0.028,0.773,0.053,0.778,0.098,0.447,0.059,0.734,0.814
svm_unscaled_color_no_norm_full_400x_seed_42,svm,400x,color,,201,495,False,0.792,0.032,0.843,0.04,0.916,0.033,0.866,0.03,0.849,0.027,0.836,0.058,0.685,0.093,0.515,0.067,0.756,0.827
svm_unscaled_color_reinhard_201img_400x_seed_42,svm,400x,color,reinhard,201,201,False,0.74,0.045,0.809,0.043,0.826,0.05,0.774,0.065,0.719,0.05,0.678,0.078,0.8,0.079,0.487,0.091,0.69,0.79
svm_unscaled_color_reinhard_20img_100x_seed_42,svm,100x,color,reinhard,20,20,False,0.539,0.114,0.429,0.195,0.59,0.15,0.283,0.312,0.311,0.342,0.35,0.389,0.717,0.339,0.067,0.248,0.412,0.665
svm_unscaled_color_reinhard_20img_400x_seed_42,svm,400x,color,reinhard,20,20,False,0.491,0.141,0.393,0.121,0.514,0.102,0.412,0.217,0.471,0.26,0.59,0.373,0.383,0.293,-0.032,0.309,0.335,0.647
svm_unscaled_color_reinhard_89img_100x_seed_42,svm,100x,color,reinhard,89,89,False,0.738,0.079,0.812,0.074,0.826,0.07,0.738,0.088,0.74,0.082,0.757,0.126,0.72,0.133,0.486,0.156,0.65,0.827
svm_unscaled_color_reinhard_full_100x_seed_42,svm,100x,color,reinhard,89,439,False,0.826,0.033,0.835,0.045,0.956,0.016,0.925,0.032,0.892,0.023,0.864,0.053,0.643,0.176,0.461,0.108,0.789,0.864
svm_unscaled_color_reinhard_full_400x_seed_42,svm,400x,color,reinhard,201,495,False,0.766,0.037,0.836,0.028,0.922,0.017,0.88,0.027,0.823,0.034,0.776,0.061,0.744,0.075,0.493,0.064,0.726,0.807
svm_unscaled_haralick_macenko_201img_400x_seed_42,svm,400x,haralick,macenko,201,201,False,0.544,0.04,0.546,0.068,0.572,0.055,0.552,0.135,0.429,0.113,0.368,0.16,0.717,0.176,0.094,0.089,0.5,0.589
svm_unscaled_haralick_macenko_20img_100x_seed_42,svm,100x,haralick,macenko,20,20,False,0.557,0.128,0.465,0.183,0.534,0.109,0.383,0.376,0.32,0.322,0.31,0.348,0.813,0.231,0.133,0.279,0.415,0.699
svm_unscaled_haralick_macenko_20img_400x_seed_42,svm,400x,haralick,macenko,20,20,False,0.665,0.197,0.33,0.163,0.463,0.099,0.728,0.305,0.602,0.254,0.54,0.257,0.79,0.213,0.349,0.418,0.446,0.884
svm_unscaled_haralick_macenko_89img_100x_seed_42,svm,100x,haralick,macenko,89,89,False,0.623,0.082,0.648,0.092,0.672,0.083,0.624,0.088,0.612,0.098,0.608,0.127,0.639,0.095,0.249,0.165,0.532,0.714
svm_unscaled_haralick_macenko_full_100x_seed_42,svm,100x,haralick,macenko,89,439,False,0.642,0.048,0.665,0.062,0.899,0.021,0.897,0.028,0.749,0.04,0.644,0.05,0.636,0.1,0.215,0.093,0.589,0.696
svm_unscaled_haralick_macenko_full_400x_seed_42,svm,400x,haralick,macenko,201,495,False,0.446,0.032,0.513,0.072,0.732,0.045,0.77,0.062,0.44,0.073,0.315,0.073,0.76,0.106,0.08,0.069,0.41,0.481
svm_unscaled_haralick_no_norm_201img_400x_seed_42,svm,400x,haralick,,201,201,False,0.579,0.045,0.611,0.046,0.625,0.049,0.577,0.047,0.577,0.046,0.581,0.068,0.578,0.078,0.159,0.09,0.53,0.629
svm_unscaled_haralick_no_norm_20img_100x_seed_42,svm,100x,haralick,,20,20,False,0.479,0.143,0.434,0.206,0.557,0.132,0.364,0.29,0.346,0.275,0.37,0.332,0.587,0.334,-0.041,0.319,0.32,0.637
svm_unscaled_haralick_no_norm_20img_400x_seed_42,svm,400x,haralick,,20,20,False,0.629,0.144,0.548,0.262,0.629,0.189,0.552,0.318,0.513,0.304,0.5,0.323,0.753,0.217,0.267,0.296,0.468,0.789
svm_unscaled_haralick_no_norm_89img_100x_seed_42,svm,100x,haralick,,89,89,False,0.621,0.075,0.653,0.088,0.69,0.078,0.633,0.092,0.599,0.099,0.585,0.137,0.657,0.111,0.248,0.151,0.537,0.704
svm_unscaled_haralick_no_norm_full_100x_seed_42,svm,100x,haralick,,89,439,False,0.641,0.046,0.692,0.055,0.914,0.018,0.897,0.028,0.747,0.037,0.642,0.049,0.633,0.106,0.211,0.095,0.589,0.692
svm_unscaled_haralick_no_norm_full_400x_seed_42,svm,400x,haralick,,201,495,False,0.563,0.031,0.617,0.041,0.801,0.027,0.8,0.04,0.621,0.037,0.51,0.048,0.69,0.082,0.184,0.068,0.528,0.598
svm_unscaled_haralick_reinhard_201img_400x_seed_42,svm,400x,haralick,reinhard,201,201,False,0.502,0.044,0.466,0.039,0.497,0.039,0.45,0.234,0.324,0.226,0.359,0.379,0.644,0.395,0.015,0.108,0.453,0.552
svm_unscaled_haralick_reinhard_20img_100x_seed_42,svm,100x,haralick,reinhard,20,20,False,0.542,0.111,0.354,0.23,0.505,0.148,0.354,0.38,0.276,0.297,0.25,0.289,0.84,0.226,0.103,0.238,0.418,0.666
svm_unscaled_haralick_reinhard_20img_400x_seed_42,svm,400x,haralick,reinhard,20,20,False,0.497,0.096,0.615,0.119,0.605,0.129,0.369,0.22,0.459,0.294,0.65,0.451,0.29,0.419,-0.066,0.166,0.39,0.604
svm_unscaled_haralick_reinhard_89img_100x_seed_42,svm,100x,haralick,reinhard,89,89,False,0.637,0.078,0.595,0.151,0.608,0.115,0.66,0.171,0.575,0.142,0.519,0.145,0.754,0.129,0.285,0.159,0.549,0.724
svm_unscaled_haralick_reinhard_full_100x_seed_42,svm,100x,haralick,reinhard,89,439,False,0.62,0.05,0.676,0.09,0.897,0.032,0.919,0.032,0.722,0.046,0.597,0.056,0.736,0.114,0.251,0.093,0.565,0.676
svm_unscaled_haralick_reinhard_full_400x_seed_42,svm,400x,haralick,reinhard,201,495,False,0.406,0.053,0.497,0.056,0.722,0.041,0.709,0.226,0.339,0.128,0.227,0.097,0.831,0.096,0.066,0.084,0.347,0.464
svm_unscaled_lbp_haralick_macenko_201img_400x_seed_42,svm,400x,lbp_haralick,macenko,201,201,False,0.554,0.043,0.61,0.068,0.612,0.057,0.597,0.087,0.434,0.06,0.348,0.064,0.756,0.089,0.119,0.096,0.506,0.602
svm_unscaled_lbp_haralick_macenko_20img_100x_seed_42,svm,100x,lbp_haralick,macenko,20,20,False,0.572,0.132,0.488,0.18,0.598,0.126,0.45,0.379,0.377,0.318,0.36,0.339,0.793,0.236,0.166,0.29,0.425,0.719
svm_unscaled_lbp_haralick_macenko_20img_400x_seed_42,svm,400x,lbp_haralick,macenko,20,20,False,0.66,0.193,0.432,0.192,0.584,0.133,0.728,0.305,0.594,0.249,0.53,0.253,0.79,0.213,0.341,0.412,0.446,0.874
svm_unscaled_lbp_haralick_macenko_89img_100x_seed_42,svm,100x,lbp_haralick,macenko,89,89,False,0.622,0.082,0.681,0.096,0.693,0.096,0.623,0.088,0.61,0.099,0.606,0.127,0.639,0.095,0.247,0.166,0.53,0.713
svm_unscaled_lbp_haralick_macenko_full_100x_seed_42,svm,100x,lbp_haralick,macenko,89,439,False,0.643,0.048,0.708,0.062,0.918,0.022,0.897,0.028,0.749,0.04,0.644,0.05,0.636,0.1,0.215,0.093,0.589,0.696
svm_unscaled_lbp_haralick_macenko_full_400x_seed_42,svm,400x,lbp_haralick,macenko,201,495,False,0.445,0.029,0.551,0.136,0.742,0.085,0.771,0.053,0.439,0.068,0.313,0.069,0.764,0.098,0.081,0.058,0.413,0.477
svm_unscaled_lbp_haralick_no_norm_201img_400x_seed_42,svm,400x,lbp_haralick,,201,201,False,0.616,0.056,0.67,0.043,0.667,0.054,0.624,0.065,0.6,0.054,0.583,0.067,0.649,0.089,0.234,0.113,0.554,0.678
svm_unscaled_lbp_haralick_no_norm_20img_100x_seed_42,svm,100x,lbp_haralick,,20,20,False,0.474,0.114,0.423,0.212,0.575,0.134,0.316,0.29,0.307,0.279,0.34,0.345,0.607,0.351,-0.055,0.272,0.347,0.6
svm_unscaled_lbp_haralick_no_norm_20img_400x_seed_42,svm,400x,lbp_haralick,,20,20,False,0.668,0.131,0.608,0.208,0.713,0.153,0.649,0.241,0.628,0.232,0.63,0.261,0.7,0.218,0.346,0.269,0.522,0.814
svm_unscaled_lbp_haralick_no_norm_89img_100x_seed_42,svm,100x,lbp_haralick,,89,89,False,0.622,0.076,0.715,0.083,0.736,0.084,0.634,0.093,0.6,0.099,0.585,0.137,0.659,0.111,0.25,0.153,0.537,0.706
svm_unscaled_lbp_haralick_no_norm_full_100x_seed_42,svm,100x,lbp_haralick,,89,439,False,0.64,0.044,0.738,0.053,0.932,0.017,0.896,0.027,0.747,0.035,0.641,0.047,0.631,0.103,0.209,0.091,0.591,0.688
svm_unscaled_lbp_haralick_no_norm_full_400x_seed_42,svm,400x,lbp_haralick,,201,495,False,0.609,0.035,0.696,0.039,0.835,0.029,0.825,0.029,0.671,0.038,0.567,0.05,0.71,0.059,0.254,0.06,0.57,0.648
svm_unscaled_lbp_haralick_reinhard_201img_400x_seed_42,svm,400x,lbp_haralick,reinhard,201,201,False,0.578,0.074,0.633,0.065,0.627,0.064,0.571,0.084,0.558,0.108,0.555,0.137,0.601,0.084,0.157,0.15,0.496,0.66
svm_unscaled_lbp_haralick_reinhard_20img_100x_seed_42,svm,100x,lbp_haralick,reinhard,20,20,False,0.607,0.162,0.552,0.289,0.702,0.194,0.567,0.38,0.448,0.312,0.41,0.322,0.81,0.23,0.244,0.335,0.427,0.788
svm_unscaled_lbp_haralick_reinhard_20img_400x_seed_42,svm,400x,lbp_haralick,reinhard,20,20,False,0.469,0.143,0.603,0.196,0.684,0.16,0.346,0.228,0.422,0.298,0.59,0.456,0.3,0.427,-0.118,0.265,0.31,0.628
svm_unscaled_lbp_haralick_reinhard_89img_100x_seed_42,svm,100x,lbp_haralick,reinhard,89,89,False,0.645,0.086,0.716,0.114,0.716,0.111,0.659,0.172,0.591,0.15,0.542,0.151,0.747,0.124,0.298,0.173,0.549,0.74
svm_unscaled_lbp_haralick_reinhard_full_100x_seed_42,svm,100x,lbp_haralick,reinhard,89,439,False,0.623,0.043,0.76,0.064,0.935,0.023,0.917,0.032,0.725,0.036,0.601,0.044,0.729,0.114,0.249,0.096,0.574,0.671
svm_unscaled_lbp_haralick_reinhard_full_400x_seed_42,svm,400x,lbp_haralick,reinhard,201,495,False,0.566,0.083,0.655,0.05,0.803,0.033,0.779,0.036,0.621,0.119,0.53,0.141,0.65,0.089,0.167,0.092,0.474,0.658
svm_unscaled_lbp_macenko_201img_400x_seed_42,svm,400x,lbp,macenko,201,201,False,0.662,0.038,0.715,0.046,0.705,0.059,0.65,0.038,0.672,0.04,0.699,0.064,0.626,0.069,0.328,0.076,0.62,0.705
svm_unscaled_lbp_macenko_20img_100x_seed_42,svm,100x,lbp,macenko,20,20,False,0.579,0.151,0.392,0.198,0.581,0.138,0.562,0.191,0.569,0.214,0.61,0.28,0.54,0.245,0.165,0.327,0.411,0.746
svm_unscaled_lbp_macenko_20img_400x_seed_42,svm,400x,lbp,macenko,20,20,False,0.485,0.137,0.404,0.143,0.544,0.11,0.474,0.166,0.504,0.183,0.57,0.255,0.4,0.26,-0.043,0.292,0.333,0.637
svm_unscaled_lbp_macenko_89img_100x_seed_42,svm,100x,lbp,macenko,89,89,False,0.557,0.066,0.586,0.077,0.652,0.071,0.565,0.079,0.546,0.082,0.553,0.149,0.563,0.186,0.117,0.137,0.483,0.63
svm_unscaled_lbp_macenko_full_100x_seed_42,svm,100x,lbp,macenko,89,439,False,0.678,0.054,0.712,0.074,0.921,0.025,0.897,0.039,0.78,0.047,0.696,0.078,0.592,0.18,0.227,0.114,0.619,0.738
svm_unscaled_lbp_macenko_full_400x_seed_42,svm,400x,lbp,macenko,201,495,False,0.669,0.031,0.734,0.038,0.855,0.028,0.83,0.029,0.74,0.027,0.669,0.036,0.669,0.068,0.311,0.068,0.634,0.704
svm_unscaled_lbp_no_norm_201img_400x_seed_42,svm,400x,lbp,,201,201,False,0.656,0.049,0.754,0.052,0.768,0.059,0.626,0.044,0.689,0.044,0.77,0.063,0.544,0.077,0.324,0.099,0.601,0.711
svm_unscaled_lbp_no_norm_20img_100x_seed_42,svm,100x,lbp,,20,20,False,0.697,0.136,0.657,0.224,0.753,0.167,0.64,0.263,0.634,0.279,0.65,0.323,0.743,0.17,0.408,0.283,0.546,0.849
svm_unscaled_lbp_no_norm_20img_400x_seed_42,svm,400x,lbp,,20,20,False,0.518,0.13,0.465,0.213,0.611,0.167,0.412,0.258,0.452,0.285,0.53,0.356,0.487,0.391,0.008,0.295,0.373,0.663
svm_unscaled_lbp_no_norm_89img_100x_seed_42,svm,100x,lbp,,89,89,False,0.703,0.068,0.772,0.07,0.817,0.053,0.762,0.091,0.659,0.095,0.593,0.128,0.811,0.081,0.42,0.134,0.628,0.778
svm_unscaled_lbp_no_norm_full_100x_seed_42,svm,100x,lbp,,89,439,False,0.735,0.042,0.846,0.049,0.966,0.012,0.953,0.028,0.817,0.033,0.717,0.05,0.821,0.112,0.419,0.087,0.688,0.781
svm_unscaled_lbp_no_norm_full_400x_seed_42,svm,400x,lbp,,201,495,False,0.733,0.031,0.782,0.036,0.89,0.023,0.837,0.027,0.803,0.026,0.773,0.045,0.636,0.08,0.393,0.068,0.699,0.767
svm_unscaled_lbp_reinhard_201img_400x_seed_42,svm,400x,lbp,reinhard,201,201,False,0.681,0.05,0.778,0.057,0.782,0.062,0.648,0.052,0.709,0.044,0.788,0.066,0.578,0.088,0.376,0.099,0.626,0.737
svm_unscaled_lbp_reinhard_20img_100x_seed_42,svm,100x,lbp,reinhard,20,20,False,0.671,0.134,0.719,0.159,0.8,0.127,0.664,0.298,0.611,0.254,0.59,0.259,0.753,0.256,0.352,0.299,0.522,0.821
svm_unscaled_lbp_reinhard_20img_400x_seed_42,svm,400x,lbp,reinhard,20,20,False,0.527,0.111,0.497,0.183,0.583,0.148,0.494,0.136,0.6,0.165,0.803,0.266,0.249,0.29,0.053,0.247,0.403,0.651
svm_unscaled_lbp_reinhard_89img_100x_seed_42,svm,100x,lbp,reinhard,89,89,False,0.737,0.056,0.828,0.052,0.858,0.045,0.788,0.094,0.711,0.076,0.664,0.121,0.81,0.105,0.488,0.111,0.675,0.799
svm_unscaled_lbp_reinhard_full_100x_seed_42,svm,100x,lbp,reinhard,89,439,False,0.781,0.045,0.887,0.037,0.976,0.009,0.968,0.021,0.852,0.034,0.763,0.05,0.873,0.087,0.504,0.087,0.732,0.831
svm_unscaled_lbp_reinhard_full_400x_seed_42,svm,400x,lbp,reinhard,201,495,False,0.714,0.035,0.792,0.037,0.898,0.023,0.824,0.027,0.788,0.028,0.756,0.042,0.614,0.067,0.354,0.076,0.675,0.753
